fdfd030304fffd0203fdfc0102fdfd00
010204040004fefc0104fe00fc02fe02
040404fc04ff03fcfdff03ff00fcfffc
fdfeff00fefc0203fefcfd01fffdfcfd
fd02fffdfffc00fc00ff04fe030300fe
02fc04fd02fefc02fc02fe0502fe0101
fdfefefcfd04fd0300fc010402fe0000
020300fefe0203030100010203ff0104
03fffd040004fe01040200feff020400
0302ff030002fc01fffe03fc00fd0101
01fdfefd0000fd02040004fd0400feff
040103fffffdfe0300fefd04fc02feff
0502f902fdf50701f60406060001fdfd
0905ef0300f80afefe0a0506040202fe
fd11f316fdfef50304f3090005fd12fe
fd06fb0002050301fdfeff0102020800
010300fe01fffc03fd0201fb04020202
0200fd0203fffefd02fd03fcfffffe03
02fffe01040102fffd02fc00fcfc04fd
030302fe000403fd03fcfcfefe02fdfe
000002fdff00fe00fe04fc0304030002
02fcfc00fe020204ff020101ffff0404
03fdfd04fffdfd01fffffffcfe0205ff
fd0301fefefcfd0404fcfffc0202fd03
ff02fcffffff0203fe00040301fe01ff
03fefe02030200fdff02fffffc000100
ff03fdfc0103fd0403fefdfe0405fe04
0402fdfefe020000fdff00010300fefc
0202fe010303040400fbfdff04fc01fd
fe0003fe00fd0101fcfbff020200fdff
0402fc040001fffffc000201fe0201fe
feff03ff0204ff04ff0401feffff0204
05fdfc03fcfbfdfdfd02fe010500fefd
05ffff00feff020001030705020503fe
0702ff02feedfefff40204000705fefd
09ff0307fcf0fa01f604ff03030301fd
0805f2fcfbfc08fef40f0508070806fe
0204f6fff7ff0a03f50703030b04fe05
0b08fc00f8f60cfff90cfc0d060601f5
0c0e0803f4f40500e918040b0e02f3f5
0a060e00f4effc02ed0d031608fff6fa
14020904e9000302f81207190c05f8f9
050814e6f516040e09f8f609f115f113
060512f0f003f80ae90b0205f811fc0e
01fef80eedf7f7efe31f0ff91dfb15f2
0bfd0410eaf6faf2e11d0e0817000df4
070b1b04f5ef0efee30ffc140803f800
090e1e0ef2e003fee71a0d1f0c0af7fa
10092310f7e50205e62612251714fbf5
050313fef5f2ff10f915061d0708ed01
08090804f4f8fe08fb0e031103fff709
0d010806f6f9f802f90b030e0a040205
ff0003fcff01fefefdfefdfeff000102
00fdfc00010000040102fdff00fcfe01
fd03fdfcff04020303040401fefdfe03
ff03fd0104fdfe020100fdfcfc0401fd
02fefffdfc04020403000303fd03ff01
ff000203fb0001fdfd04fe03ff0303fc
05040304030404fcfb05ff03fe0400fe
06fc1afefc05ecfce814110e10090d05
0c051dfbfdf5f005e1181509100a09fe
0503ff040004ff03f90002020103fefc
04020108fcfe0402fa0afa02080100f4
0b0bfe03f2f6fe01ef1305040704ff00
0719f814f20b10f4e70d0101120dfef9
0421f023ea1008eded070afa1bf8faee
0f1df322ef04fef4e90b09f815f806ee
1a19e918ebfd0cf8d61310061e0817f7
192fe11eda111ee4f51221f713fe23f3
0529de00d31bfdf7eef80504f3fa1ded
132de30cd4151cf5f20d060800fd1de8
031ce0fde01d1908e700ef0e00150b01
02fde1f5e9210c11e9f3f019fc210412
07f8eff2fa1a2916f5f6ee1dfa1ae819
0cec02f503022417fb03f816fa20f713
06e905f6fd0b0a0bedf8ec10f51af11b
06eafffd03090001ef02f802ff190809
07fd030ff40106f8e60e120b100a0ff0
0d04000ef5f602fbdc180c241305fcf7
0cfb0713f4ec02fde00e1c21170dfdfc
f70bfe10fb04f7f3fcff0cfc0afd09e7
f80a0c04fd07fbf408fe03fa05fcfd02
040301fe02fdff010202030304020003
0302fffcfb0403ff0201fc020401fefb
fe01040000030004fe0204fe04fdff01
02030003ffff010002010303fefd01ff
f91615f3fc0ff6fbedefe9f3ef0e1710
04091af4fd01ef0bf00210ff08150c18
090019fafee51516080311ff110bf41d
0df9d820e8010907f30913fe0b060301
07f6e721ef090502ed0702fd0b100800
0deb111ede0e01fcf8fcfc0003190c05
06edf20ed6f8f6faedee0dfa021f2c1f
0a04e20ed9f3eefee01318f318fd250f
0cffec0edff6eb08f20812e607021203
1009eb1af2f6f1f7f3131de012f711f6
1107f605d3fff204ef0619e004ec1a05
0f0fd3ffbcfe0806da1622df0ae115f4
1705b910d2f91a02f11a25f512e90dfa
09fac710d8101903fc0d11eb0a0c150e
f50edd10de161303f3051ce2030d1b0a
fa050ffc0407080ff5f91701fb13150c
1af613ee14fb0d21effb140b021f1305
10fe0a011cfc0209effcfaf1fd12fd06
03ec14f41aed07060afcfdf6f00a0109
0cf809f715fb22080c11060600fef5fb
10f701f809001a060406000b02f6f3e8
08fdf6efff010716fc0f1c0dfdf3fff1
01fff404e5f9f8050911180e0cfef6f1
fae60ef4f0ef0c0608f3fcf0f7f803fc
05e70afaf1ed1304ff01fd0104fff2fd
fe0303fe03fd01030302ff03fefe0203
fe04fdfffd01fcfefdfffeff03fcfcfd
fdfd0401fe04fefefe00fe02ff060406
fa1114eb0513f3ffefebf2edec111b13
0cf01becfef7fb160adaf2f0e71a130f
f7f41505f8fffd0af0ff04f6fb1503ff
edfdf70cff18f1fde8080ee90612f7f6
f0fcfc17e91df2e4ea0609e0120703f0
f0f6f803e808ffe4ef0b10e1080d0d06
eef1fefbf516e5fbdbff09dbfe0e0115
f7efddfaf305f608d6160efc0a0eff0e
06fdd90a0407fe07e01906f11112fa0a
07fbf20205ff0e00ee1418e8fffb0c06
030ee206fb090707fa1a11ed00f80afe
f10bebfbeb09fd01f01208e2f5f50b09
fc09e2fddc0a0003fa0e0ef0f8ff140e
080be9feea070416fb0511ec00102313
fe14ee00ee0dfb18f3031bfe04131f0d
fa15fef3ea01fd0a04f81d010d0e18fe
030efdf3fcfafd0f01f219010d061703
0410f8fb0a10f30ef50707f807070608
040ef1f9fe040902fe0400fa02fd0102
12fe03f4060f170e0d04f508f4fde707
11f1fcf01404040c0b0b021200f8faf7
0adf0ff818f021180112f73108f7e1fb
08d4fbedffde361a1a04fb13fbfbd60f
0fd4f8f8f4e1270410f7fc04fa00de0a
14f4fdf4f3f01d1309010f0cfa09eaf5
1507f30de3f417fffb19181213faf0fc
fffdff040102fe02fcfdfefe02ff0304
fcfe010204ff0201020002010402fc03
f80b25000a0df40ee0f006faf4101715
08f21c0c0dfffe1705fdfef30902fe15
f6f4120ff3fde607f411f5ea08f901ea
ddf21503ff21e0f6f1fbebebea16f8e5
e8f50eff0415dffdec13f1d1ec0a03f8
faee03eef311e4feee0f00d3f710f20f
f1e3f9eaf40df2e4fd01fcd8fb17f7f8
00e0f9edfffa06f904fdeaeafb0d01fc
0bf0ebf509e70df50604f8ed01fe05f8
19f7e10010e90efe18ff03f5fef707f4
0efaddfe190505f81403fff3f00015fb
07f4ddf9f605f8f50bfbf6eef4ff1d08
09ffe707010ff6fe04fef7fbfc021d10
0106e702fa0cec09fcf3faf1020a1708
ff01ea09f816f604fffb09f5fe131c0d
0309f303ec09020d10f20d050618080d
fc0feb04e40af7080cf6120407131103
ff13e50be407f70efdfb1b0c0e0d0d05
0e15ed06e10e001ef8fa150a130f0605
0e10e8f3f919091df4ff0e0705eefd02
0f01f1fe12140809fa07ff0a00f10602
04f8f81410110a03ee1bf6230dff050e
05ecf20502ff220cf614f92309faf00b
17dce6f5fffb2408fe0c0c0a0007f4f9
2afb0afadeea1d19040c1e1b130ce9e9
1804f512e6f31304fa150d160e09eefe
fdfb00ff030102fc0303fc01ff01fcfc
09f5f60cf312f108f80309f7f7010705
06fcfc1214ee0b091513ef0804000e02
efef1712f90edf030212efeb0cf619f0
fae6161ee90af2fafe19f0ed0dff07f5
f4d91016fb17dcf60b09e8ecf5110ae9
fde816fbfb15d2eef90becc306fafce9
06f314e7f704ecf3fc06e7d3fd09f303
11f0ffebfdf603f30b00f4def80ef300
08e5eff1f9e90ff118f4eeeef40a06f5
0eece9e50ade06f012f1eff2f0061bfe
11f8e6e618defcf30cf7ebf9f20610f6
05f7d9ef06f3fdf40bf3e700f80415fe
04f6e6fe01f7f1f812e7effcfffe2303
0004f9fd05fc01fa10d8f30406022510
0a0af001f215ffff0febfbf901091f10
030ff401ef19fe0416f610f505072308
080a01f9f4090d0119f315fe00091809
04090ff5f1fe0bfd08de1610f90e1ffe
0dfd05faf50518fa07e71817fa0b1406
090808e9ff010e0c00e9091df3050b0b
001003ec06fff90000fd0e0ff1f40dff
01fa04000a0305030412081902e20005
fff200040efd08100a18fa13fcfaf417
0aeefc1007f91c16fe0cf2240affe813
1ff9fc06fffb231c05f1031009100406
04f70306fff61c070df90414060cef08
0d0af209ea15fffff6060917090beeff
04fc0100fdfd02fa0202fb00fe04fffd
04efe51bec18f404edfa1cede71518fc
02f805fe0f010af21f10f0f801fd10ec
fbe41d17fd16ecf40e09eeec17fe0ef6
f6e51120fe0aeae5f20601e60907fcec
05d80209fd0fefea050201e3f902f6f2
fcd506f6f907eae610faf6cd05f8f7e8
05e808e8f717eeebfa01fed5ff04fef6
0eedf604f8f80cf6090afcebf9040a02
0eebf2f9fcef0aee0d07fefdf1111a02
10f2e5e80ce006edff08ee10f20a1600
05fed9f305ebf3ee08fef00b03011901
f5ffecefffeef1f809e7ee05fbef1601
fcfffdf402f3fff70ee3f60603eb0cf9
05020e01fc0f0b0001e0f40809fd130e
0f0b1101e8140f100fec060cfffc160b
06ff10f6f0130f0b0cfa0efa05042302
00fa1105f60e0bfd0a001307050913fd
01fc11f6f8fd070001f32210f40011f7
fffa0bf2080307fd08ee1614f6fc1007
03020df70a060afafff50c1af6000a02
060e10f308fa0f04fbfa1020eef206f6
060710fb180410150d0b0e25f3ea0105
fef813ed19fb01190e020c1ef3e6e4fe
00f7eeff0de5f9080c03080e08f4e5f0
fffbf3fcf3e5011304ee0a0e1507f3f3
00f0010c14f120050b070617060bf504
0e06f80ff3050802f60500160d0debff
01e8e520f801e0f9e71f17011502edfc
fdf3010cee0ef2edfc070bf5040c12ef
00ff0e040ef508f41806efe8fe01f7e9
0af21d120bfff1f204f512ec05fafbf9
fdf206140612f5e5eef517e7fcfef3e8
fce8100a0019f7e502fefee7f9fff2ec
06e008ff051008fc0bfdfbf6fdf8f9ee
02df0bf7fd1005f5ff0005ea000107f6
08f000fe04f30bfb0d04f8e8f2041af8
03f1ec0203fc05fc091af6f4fa030c00
fc04dcf8fcf6f5fa000ef90602f60101
000cdcea03fbfcf508fcfa0f0aeffd02
0106f8e4fef5f0f9fff0fb1307e5ef05
070803ee07fffafeffedfc080beae603
07060efbfe0904f700f4020107eefd00
00010804ee120b0408fa020101fa0808
10fe1500f4050705090712fe04fa12f9
f8fb23fcfe07f807fb0d170209040df4
f5ee17fb0bfd03030af71806f3f812f3
fafc0cf4070809fbfdeb1a0efbfe1cf8
01ea0d0c04fd08fffef72012ffe80df9
0dfb0d030ef80d0cfffe1020f9e706f3
000705f61909fb0208ee131ce4e61504
ff11fef40d01010511ee160ff2eaf5ef
f706fee913d3061426e6071cfff9d4f2
fafffefb1be21c0c36ecf7160007d3f4
02fdf70706f51a100efdfd08fb09fbfb
0bef0f0100f50d1209f50104f8ff0508
fcf806fefc05fdf50ff9fefff30501f9
f8ea14ecf919f3fc12e7feffea1609ed
fe0106fc110e06f20b0313e1f2eff5e2
eb09f809f107eef7faf31ddcf9fffdfa
f4dd02fff70df2e4eedb01e9ef08f3f3
03e40908fc0b01e304f5f2e5f8f9fcee
10de03f2fd1a0afd0af4f1ebfdfb0005
03e809fcfe0e0afef3fbf5d8060400f9
0af808fa040410070007f3e2e9fc0400
0bf9fced07fa0bfc0710f4f9f6f6ee02
ff11eee2f8f4fd01ff03fc03fae4e807
0112ede1fff3f1040cfdfc16faf1e011
fd10fbe900f1e1f707f6f90600fdd704
f80711eb0cf3de04fff5fbfbfc05d608
f10516f0f905eef600edf7f4040fde0e
ed0a1902fa11fb03f7f3f7ef0b06f808
01fb16020104f20df50e07f607060500
f9f41ffd0904e0030003fbe3070713f7
ecec16051804e9f608f506e304fc0ef2
f3f212010600f6fe02fb17e4fbf214ed
fbf1040d07faf3fe09ff18defdce11e9
01f0fd080bfbfc000afe0df7efd001f2
fa05fbfd0b0ff20306e60efedfda19fa
0515eff50700fc100bed1905e4e2fde5
03fc07f01bc5102027ff042809f3c805
18fa06e410e6222434040219f904ed10
03f5fb060211200c1de300eff107f8f8
f6ec12ec080efaec14e5f2f1e70801fe
fefa05f7f604fbf40d0100ffef0b02f5
f8fd07f7f90dfbfafff0fbfbf70600f8
f1f50b01031cf5fe12f407eef4faffe9
ecf6ea0cf500e4f104fc17ed0416f207
f0e903f2f205f5ebf7ebebf5f311f4f6
faf7f7fcf1fe02e20bf5e7dc18f6f4ec
08ecf1eddf0b0fe908f7f6d613f4fff2
04ebfef9f20816f7fef9f9d701f8e8f0
07f8fcf102062305040cfaedf1fde5fb
08f7efe300fe1f050c0e0102f3fad0f8
0406f0de0901070d0606fe0df8fdd504
fb1502e60defee03ffff0413fc0bd30a
001a0af817ebd804fcf10409080cca0e
f9071df8f9fecafdf5ebf8000121d013
ef151efdea0dd90bfdf303ef0718e813
e7141a09f012ea04fa03faeb0a11f407
f20b1e04f102d807f909f5d709ff0a07
f7f7070a0506d009fd07eccd07fc0407
01ff12050400e30a05ff02c8fcfa1105
01f60ffa0e0bf1fe01ff02c3f3f50d00
09ef07fd08ffe2040ef602c3fdee14fa
0006fe060001ef0105fa07d4efdb12eb
f5f6feff0702ee040cf414e4eacf12e7
f6eaf5ed04f6f40b04f11ce9f9d9f6eb
09ee12001ed51819120e00090ef1d2eb
0be821f92bf121012df1ec04fb05effc
09fafff6f81824071ae805ec0104f5fa
ef01faf3f924f2f708eb03e8e6020308
fff70df8f5fdf7f40cfdf8fdf30a05f6
fceff515dc14e0f8ea170201130208ee
eb0918eafcf1f4ec1af100fb0712ebfc
edf404ffe706f1e80ff9f7ef0816f102
f3f80fe1eb04f1e5fde3eaf4fc1ef5f6
f30bdff4f70104df02f1ecf612f6dceb
fdefe3f7ec070cec14fff8e420f1e8db
01f3f7f3f3050b0007fa08d909f2dfd8
05e9f8fd08fe16fb100c01e0f702dfe4
09f0eff302fe26001207fdfef204d8e8
ff04fcf209f613010405fa12f913e1fb
02120cf50de402f70203010efb13ecf6
0115030805e3f8f906edf90ff71ed915
070b1512ee07d20f03d60305ef1ce115
fd0e1909df1fe913fbeb0ceef617e30c
e8141500f414ec0d05fc00e9010fef0c
f41a0606fd01e0120208e9ea0003fc18
0108010204f4de0a0c02ebdc00f70714
03070bfe08fbf01504f0f5cdf8f60914
01fafe050201e90103fdfbc400f20b07
f9fc09f901ffe2fc06f5fcc9f0fc24fe
f70108fa07f5edf2070107d8fcf419e9
dde308fa0ceef5e305f510d2f6f509e9
eace02de03ecfbfd00fc05e2ffeaf0dc
0dda0ee610f30f1b080f0be8feebe2e1
0bf00de713fc291811fe07f005f9f6e9
14fb03d8fc08351a22ef0dfcf1f9efef
feee1aece300ea00fee701edf0140006
fefdfffcff00fcfdfbfe02fe02020103
fdfa0702f907fafc0800fbfbfd03fbf6
f2061deb02f004ed2a0005f90110e5f6
0c0714e0f4f105f319fbf0f20109ef06
f2150acff7e0f9e507ebf3f40205efe8
ebf9e3ebf5f0f8e117ebedf6fc09dde5
0000e2fafaf605f80afb04f30802e2cc
0afafafb020c0e04040408e9ff01e2d4
0cfdef0804f813f60afef5e5f90ef3d8
0e02ef0003f91701010504f7f40cf0e5
0bfafd1412f51cfafe0cfe0afb19fcf3
0f100a1207e915fbff16fd16fe16fb05
0807f533fdf7030003f7fb19f514f319
0207022c0b12f50c07de0b0eec15e91b
f40b0d0cf413ea1302e50bf9fa14f116
ed180cf90b06f8100df0fa00ed09fc14
f322fb0505fdf9060303e5feedf8fd10
0915fef706eafd130504f7f7fbf3fd0e
ff0e0502fbeafe070cf5f3e9f7fd030b
f800f9fcf6f2ffff17fefddf04030a0f
f5f4faef06f7f4f01404f9f3ff031afe
f8f9f1f806f6fbe70208fced070208fb
ebdbee0402ecf8dafd0609ea0b05f0f1
01cdf6ec09f0f6eff6f908f7030ceaf3
08deed021005fdf8e41c04ef08e9ebde
1bf41a010c0909fffeeefde805f2f0fc
0df51fe1f3edfdfd20d9f2f1f6fe0305
f9ee21e2e3ffddf4fcdd01e3f71cf701
fe0e0efe0307f413f001fe0e0905f413
f5fffe0400fbfdfa0b04f9fa0506f5fc
f2f016f5f7eefbf716f9edfaef18f5de
0c090cf2f5f5fc0a1501fef60908edf7
f30e04dcfad7ede110ed05f00304f2e6
e3f9df02f5ee01ed14f70103fb11f0e0
f8fffb0cf8f904f801f901f7fa09fbc8
0bfa050313f411020bf9f4ef010101dc
09f8f50e10ee0b070704fae3fe040cda
10f5f40f0dea1d04020b02fefb0f09dd
05f5fc1d10eb28f304140002051008e5
0efe0724fbf022fe0b120014f40c0503
fef5002b00ff140b0f080720f712f320
ff0a0110000f030a0ff11a0df916fb1b
fe0c0df0020ffa1500e70a0efa12ff19
f518fefc12090d0f04eef717eb0b0016
f82100010bfa11fdfcf7ea04ef0bff14
fb14fd020ae7050201f5ebf3f6fefb0b
f805fc09f6ef0bf90dfdfcfdfa020207
f9e1f9f6faef05f10006fd0a03090a0f
fde3f4f50bf60ee30f07fa16ff14060e
efe1fef7fdf508cb0308fe03080a0606
f8dedd05fdeefbdaf70e09fb1a03f3ea
06dbe61303f0fbf1e70f0804220ce5ff
0ceefe150cfdfefee61102f31104e1f7
0ef111000c0decfffd00f4e802e7ec11
1211fa05ea01f6fb04f500e517da0a07
040ef514f707f9fcf20c0cfb11fc01f9
0302010cff0e0f02f102fc0a0a0afe0c
ff03000804fdfa040602fbfafb09f907
ee01fef000f7ecfef501effcfb12fc01
ff190914f5fded080006fcf71a0703fc
f30cfe03f0eef9e70fea000211f302ec
e1f4fd1303f40ffb0001080cfbf702d7
fdf80318faf724ff0208f6ed08f720d9
02ff010f13f313010804faf404f516dc
fdf1f7111af609fbfb05f4f004030cdc
fdf6fe1020fa0efaf511fd00090d07d7
04f203140df526f2f910000900090ad4
0ff90f17f9fc230300180510030100f4
00f40316fe19150b06181408fe0bff0f
04060200fe100315050c171001070016
f70509ee0e16060efbf70814f20a081c
f71102fc1105040a01f0f20ef401090d
f81c000c17fc1e02fdf9ea05f5040206
fa01f80b10ed19f70202f3fbee050204
f4f8fe00fde70deeff09fe00040100fb
e9d6010207ef07d90701f30afd05fd02
fccd0ef00be406df0505fc200e05030e
f9d509f9f8e801dff80e080f0c130104
fae6e10cf5efffdff91c0602201c0cf5
fdeeda13feeeffe6f20dff042016f0f9
03fcea25fef2f301f01c02fb2703e90b
120ef70cf50df9f7fa1df8f11ef4f114
f12eed21de13eae7ee000edd1fdf13e6
0009fe10f606f8f6f60905f410f300f9
05fc0411fd111005f600ff0c0409fb0b
0503f7fb04fcfd0302fb0ffbfb0d0506
f50bea1d0618ff01ea13f2030b11f81b
e4f2fc21fd050df8050deffb15fc0def
f0071017eff9f9041aeaff0217fe050a
e7f61819f6010d0af6020f050eee03f3
f9ee2011ff061d05fc0100f7fdeb0ff1
fcf51a0f06010c02f210f8070ee504e3
fa0510fc13fc0500f00efe0311f400d7
0406000422fe0902ed0cfb0515fc00ca
04fd0a0721fe17fdfb15fd0609fd00c6
1606060b14121303fa1efafc0605fadd
1000060f0e151317fb2600030802fdfe
fa0d05fafd190712f30efe05f80c040e
fc0a01f10c0ffc09fc080610ed08fd0c
fc0bfe031101faf103f7f908f2010bfe
fa1404181a031205f5fdf6fcf5fc09f9
f2f7081716fd17f20e07f700fe0100f5
f8d70808fffa06f10a05f4010001fc04
f5d1f80ff7f901e3000af4f60f02f905
fdd10ffdfae6feeb0106fc0a0600f00c
07d402fefafa01e7fa04f703041e0605
fce5e60106f2fdeb0a1401fd0626ff05
0bf0ea0c09e7fded040d04f5141ffb0d
17faf11ce6fceb13ef1417e81ffbec09
1102dc09ec0303feeb2eefe826f9f00c
d711e6190719fbdc090603d313fb0eed
fb19e918fe0602f8f4100aee15fa0700
f5fe03fffe00fdf70702fbfafc0000f2
07fcf505fd02ff09070108fbf40c0e05
08f8e516fb1bfa16f20f00f305120a18
f2f2f021f4090b02020e04070f08ff03
ee021614f009f2fd0bf408f912f3071f
e7001c12f006ff03f0010a0114ee070c
e1010f05f612020efafc04fc06eb01fc
f60bfe13f211effbee1004ef08edf5f5
f4110901000afe04f40f00f80eefede5
ff1500061312f108e8090cf30cef01c8
121106041709fd00ed0e09f907f7feba
250f010b19150210e817feff0cecf2c8
1b0505fa22111111fe16fe0c02ebf8de
09030df6110bff02f609f30bfb0bfaf8
fb09f7040d05fbf7fc0af80dfcfffc01
f808fa180d0303f70310f70efefd04f7
f4050515080216f9030b08fafff70def
ede1031b05020eed0f0204fd06fd03f5
ecd3ff150203fefc0201f9f70704fd0c
f9cbf513f210f9fafb09eefb0e01f407
f9ecff0dfcfe01f7060af3fd09f9f309
03f8e51efb11fbf4f714ecfa1014fe03
160ae104f7f6fcf20607fa080e2507ff
150ddcfef6f4f6fff902fdf411150105
0cfbec03e30ff111ef02fce90f060801
0320cd11ea0d1bf6e43af3df2fe6f0e0
ee36e423e216fae5fe0309c819e505f0
f618ff19ea00ecf407120fea19f109f7
ff01ff01ff020303fefffe010002fcfc
050006030d04fa0cfdfffbfcf50b090d
f8ecda1e042004fffb11f6ea020eff04
0504df1af4081003020a01130611fc14
f7030314f913f90102ff00f909f4ff18
f1081110f00bfa02fefc06070af2000d
ecfa120bed12040d02010a0005eef608
f0010c07e512f60ef7060cfd01fff007
f60f0c07e609fc00fc0d09f708fdfcee
f5110e00fc17f9f7fd0c08f809edfed6
0e160c0614140dfdf20901070edff1c9
2304080b160f04fff50ff60709dbf9d0
160500f81a0808fcf60ff30f0adbfadb
02fd05000e0207f8fb06e708fefb05ef
f40902050d04f9f7f80af318fbf204f4
eefe05160a0803f50701001704fa09f2
e9e00e1a0a040ef804040e0103fe0bf9
f0d00a0ff702fbfd13fe0f0205f8fc01
f0d3fb16f20d0209fefff40306edf009
00e20202e70bfa18f301f4ff0af7f012
0200050bea09020cf708ed0dfdf7e609
0d12e820f41ceff9f41beafe0313ef08
0d16f10ee50cf9e0f614ec01060feffb
0602faf3e808f2f3f408f3fafd13eb03
f1f802e8ef1bfce8fd04eceff20df8f7
e32a080dfd0c15e5e41cf3e817e906d8
d63107fce313f2f005fc04ebfffd10fe
fb290c01f3effdff032904e626ee0efe
0af912ececfcfced11ef0effed0712ef
fc0111fffc09000100fdfdfffb060100
fdf1fc070113fc010bf9f5f0f50b0007
0b05cb22fa0e130701fa010fff230526
0716ee0cf00ef4fe02f7fa040603f21f
f8030113e313030f04fa05f600f9fe1b
fcfafd09da090a100e041201ff01f31b
f2f71306d80afa06fc0914ff05fbf509
f70f1006d307fe01ff060cfd0df6fef8
ff220f0bdd1903fef20d03070deff4ed
0b0f0fffef150bf9f9090bf810e303df
0bf71004080905ed0702f7fd09e8fcf1
0703080407fe12e3f711ea1a0ee2f9e8
f402110902fd0feaf612ec0e03f305f7
e203090e09fb16ea030df61d0df60401
f0e9ff1f0608fffd0901110b0ff80cf0
f5defd1e0c09f9ff05fb180002f10dff
f3e90116f708f60a03f51203fef10103
fbe7f611e70df80df8fffc0502e5f403
02f1fd00e215fd1703f6ee01faf5f80b
0a0bfaf7ec17f81af802e4fcef09e90d
0f1ae308ec16def50109deeffd08edfe
0b1fecf2e002f3d7f904eee10209f7eb
0a11f1f2ef0beed3f002fceffb0df2e9
f3ffeaf8f62a0de0ee0bf0e2ff09f501
f22e0cfcf91c0ff5cd1bf7f40ff30603
e0161df4fc0609f813f7fe08f40712fb
f323071a10120df3ef1cfaf317fa130a
f9010bf3080bfc0bf0eff40af908f10b
fdef1cecedeeecf5010205f1000b02ea
08eb0c0af6f6f3fe0af700fdffff07f2
130aca16fb0afe060ff1f7f9032ef723
0b11d211ed0ced0207f004f10708f61a
faf7f020d907f90d08ef0efdff00fd1c
f8ec0303e10c091203f406f3f503021d
f8f50406e413f1fff20c0df60cfd0616
faff0401cf0dfd06fa070d000600000c
fa0d05fdc91cfbfcf3fe07f90a050b04
fd130303d80805f6fe080afd11fa0dfc
f8050302e3f60ce6fa0bf2071dfd0501
f80611f8deea16e3f90af41413010efa
e9041704edfb0aeeff0bff080b0006fa
e1f6051afdfc0feb030902061cfafcf5
fbecf91f080afc02ff0808f616f6fef9
fff7f11c0617f30afaf911f807f7ff0e
01f4f412fa16f11104011af9fff4ff0e
0bfcf90ef20df91f09fd000109fcf706
0704eff4e10ffc230af0ed020403fb07
1312e7f5da0af11a0d04e8f50108f50c
1617e3f5ee09ecf50105e9e20506eff1
1523edf0ed01f5e4f800fee30afef4e3
0f1feef9f609fee0f6f5f2ea0017fcf3
f9fe08e6ee1607f4f8f0eef3ec15f909
f8210df5f72108ffd509f2edfa050318
f928fd1bfe0809f4f51c04e913f20d04
0120171c170a04efeb0bfffb06f71309
0404ff01fefdfd0004ff00000303fefc
08fa13eefcecf8040e120b000af805fe
08f7e921f90605fbf70b07fa15fb06e5
040cc427ee11f0fbfcf606e9151f0308
070cd204f20cee0bf2df09eb0cfcfc14
fcebf4fde5f4f90f05e714f60cf80220
f1ed01fcef14f41201e102edf303fd1f
f1fbf609eb20ed02f5f90de603000f0d
fa030007ea15fbfdfff80ef713060b16
ff020105e6050101fd0404f315080915
fc08050ae9f701fdfb140d091b06100f
f4110206e6fa03f7fe14021015061a0c
f20c0d07e7f80af9f216010211fe0cf5
f9f31503e8fa0cfffe1009ff0f0202f5
fbf20508fb03f8f8fa0605f713fd0701
05fcf7050b020107f20c0afc17fdff02
0908ee070f15f10af7f901f50dfcfb14
120ff2060e18fc17fc040ef604fffe0e
0908ea04010efc20f3fff7ff0c06fc11
0b0adeefe907fc2603f4e5060204040f
1010dcf5dc0bf923fc06ebf0090402fd
110febfded08f7f7f508f9ef0f0101e7
1115f6faf7fdfae3f9fef7f20d07f6e5
0a0b05f6fe0d01e7ffdfecfbfd0bf2ee
f80610f1e005fffb00dde7fcf2090001
0c1c0df2eefc1ffcfae9e8fb02fafafd
fc21090efd0d07f6f40ffef611fd0905
000109f21400030bf8f0f607fc05f711
fc1010ff0709f90ceef1f4fffc0af50e
f905f9110015f9fcf50209ff07020dfc
f8f0d62b0420fbf2e90629f914ff2dea
ed03d127e81fe804e80417fd16f910f1
0519defa0210ebfe02ee02f803fcfd09
eaf7e9f60c0304020eedeef7fa00f51e
eff6f3f2fd0cec1102e80fee0101fb1a
fa01fd040311f70a00f50eeb09ff020a
f107f208081102ff00f403f10e03fd0c
fb0fff0805fb0a0af80a0a031705fa0f
f4050308fdf4fafbf71009fd15061012
fcfe0404fff5020ef71b0f0c14090914
f70008fffc010b0bf71a080c130a0e02
08f70afdecf70508f6190f0f130e0bff
13f804eff5050304ec0e08091d0a0404
1800f8f40c01fc06f205fdfd1203f60f
0707eb01070202fff6fbfaf90f01030a
1011ea000b120d0cfd0404070bfe0711
050ce1fa08020214e9fae80605050a10
0c0ae2f8e0030422f8fdeeff010812f6
180ffff9d90c0218f402dafa040d02f2
0c181316e90904e8f701e9f2020708e4
190cf90efe0803ccf505effe14f2f7db
080b02f705190be402f0edf709ea01d9
f9140edceb060ff400ded6f9fbf90b00
090f10f3fdf016f204fdf8f712e4fafc
090dea19f1f5edfcec1e0efb20f60c01
0000fd0000fc01ff0504020202fa0103
fe120fff020cf70ff2eef3020206fa0d
fe0902040410ff04f3f8f805fc0b030b
fafbd827f31707f7fd0222f30dfd23f6
030c0307fb090b13f901180c1ffefaff
0208f8f90d1bfa07fdf0fcf5fb00fcfa
ec0bfff81c19eafaebf0f4ed01f4fc04
f008fff41315f101fef809ecffed0600
010d00fe1a12f50304fd12ecfbf405f0
f71306f61e0500fa03f307f408f508f9
f4010c030efa01fffdfa14030df301f8
fdfb031216010305fa060b0816fd080d
10f7fd050dfdf714031112081705ff0c
0ffa0bfbf2f60409fc0c1716160300fd
13f901f3f1fbf007f804100e18ff04fa
1dfc0de3fafffc06fa03060e04010c05
1dfefff5ff03f503f305fe0a02fdff02
1309e9f100ff08fafb0ef51100030d0e
130be4f307020a01f205f60dfd020618
0711e1eefcff020beefaf506030c0505
070de503f301020cf105ee0001090bf0
0b120501f712fefde8fadaf5000102e6
001b1418f31107dbf200d9e8090aeff2
0afb09ffff08f7dd09fcedf60afaf2fc
060215e007020ef215e7ef0506fd0403
f70909dffaff25f218e5f2f9fbe50cea
f904fee20ce90af90bf0fe01feebf7f8
080909fcf7f506f404fbfb04f810f202
fefb01fdfffefdfbfe0201fffefa04ff
fcff00020204fd0102fcfcfc0303fefd
02fcff03fe03fefffdfdfe02fefcfc04
02f0e81ef112f10feaff18f407100d0f
1cf8f413f3000d180efd1b0b1e12f809
12f109fa021901070deb02f60b12f0fa
13fc08fe1908fd00fae600fa0701f3f6
020407f71716f1f203e7f5f2f0f9fbf4
120806061910eb000fe6fff0f2f804f7
120405fb2101010d0eeb10fc0dfef504
0ff90d0317080807f9e10bfe00fffbf9
0ff4041c210afe080fe112010901feff
1de9020d0a05f00c0ae112fc06090401
1df50b01f909f012fceb0a110005f504
21f4f9f2f304f60600f2070bf205fd05
1cf2f3f304fefeff03060415f808fd04
1705f4e8ff00fc0af906010ef801f705
1812e7e304f5070af90d0410eeffff05
1403e8d901f9fe08f3010408f6f70805
1508dee2f7fcfd04f30201fd01ff0907
0c09dbf8ff0e07edf3f4f30a030207e9
0b06fb02f61307eaf1efdffdfbf604da
0003f114f50414e1fef8e8fc06ecefe5
110006fffefe0fe203ebf8ef0ede07e4
020306e508fb1cec13ea06f70ef010ed
f8ff01e4f5ec22f91ed4faeffafd1204
03fafde603f111f607f0fe03fcfbf6fb
f90c11000bfc0cf0f8fbeefbf215f305
fffefe0301fffeff04020003fe01fcff
04fb01fc00fdfe000104fd010100ffff
0200fcfdfffd020101040002fefcff01
f9f4f8faf707fa0702f8faf1f30c0b03
14e4f40ce6eff31012f013e8f30a100c
0e0411f1f6f3fff91fe90feef40d18f5
0cf619eb01fafee915e9fc01eb0808f6
2002f4ee0b09f5f519def6f0f013f9ef
20f7f7e71ffef9011bd8eee7eb17f9ff
2cfe09f31df5fb1514db05ddfd0cfc0a
2ae605fa27000524ffd607de03fdfa07
22f90afb20f4041807ce08dee7ff0200
18f105f912fb0f1105d904e1e404fbf3
27ee03e50aef051900d30ff7dbf9fafe
21e7fde700ecfe0909e50606d002fcfb
19e9f2f10001fc0404fbf405dffefefc
17faf8e9feecf806fefc0c15eaf9fbe5
1ef2e5eaeff2050b06050e06def400f7
15e8edeef301effef9f00be9e4fa11f0
14f4e0f7f4fd00f9f7f40df804f104e4
00eae606f80805dc03e7fdf8f5f8f8e2
06e3e200fe090aef0ce30805f8e8f6e4
f9f5e30e03fdfbf508d4ed08f4e702f7
fafdeafe01ef0cf40fe3ebff00ebfa09
030101f311f115f31fe1f4f706f4fa04
04fe09edf0041aeef5ec05f915fa1606
ec120308080e01f3ee04fbfc01fc0e03
f21a0409fa0d03f6f00601f2040e0508
000204fffe0101fdfd0402fd0103fd01
01fd04fe02030203fffc040300ff04fe
03ff0102fffcfffffe01000003fd0402
0c03040507fc0c0606fb07060f070203
06ff0bfcff0c0cfc08faf70afd03f8fc
f4f2ffec110a0be21ff7e1f6030e06f9
03effcd813faefe120e9f0e00b0f0309
2804e5d9f001f7ff01ed07eaf71e0203
1a14f8c2f7ecfe030ce30ceddf230d07
0e12feca09fef008f6e603dec3272614
17fbfdd30606fd11fadd0df3ba1d1a26
1bf1f1d7fcf2030523e615efcd1b0f12
07fbf4dff5ea05fa24ed0403cf1012fc
0cfa01dbf1e8f703fbd4fd02ae1709f8
15f90cd7f9ea0c0803e6fd02c012f401
0e0112dcedea090502eef4fec7fcf8f6
15f907e0f9ea0c051200fbf8d7fae3dc
15fffedaebd012041ef903f3d5f5eee6
15f7f5e6eff818fe13e8fc0adce4f9e2
fef1edf4fb0116f017e70013f5f5f9e4
0decfdefeef706f914ea111aff01f3e9
07050bf4f4ef0cf715e70c1afcf707f5
09070bfbf0eb1cf919e4f712e6fa0906
13fa0cf809f029030bf7f71fe4050013
08fd0cf60f0c31f20cf8eb0e0a0a0612
0eef0ce8000c1beffceaf3060a0afd15
f218f409fdfc0bf6fc0500f907fc0a01
f610f709fa0601f7f90b04f808010604
fc04fdfefefcfd03fcfcfe01fe00fffc
02fffd00030400fcfc0303020101fd03
0303fdff04020000fffc04040202fcfe
01000103000403fcff0302020103ffff
fb0911e902fc05fc06030a0d01f80efe
0119f3e525ee150612fdf5191eede6fb
fa19f6e820eef8f21ef3f1fb26f7e703
ed10f5d81febeef51be8f2f81dfceeec
e72500b80b02f8fe10e00107f5fb0bee
f80f0ddcee0903fe0cee0618cf0631e5
fe101adaf30712fa1ee10116e0062de5
020007e8fafd060710da0cede40b28fb
14fb0ce8f7eb12130cd91811fe030bf2
120915d7fbd620fd23e008210d13f6cb
17f223cbe4e816eb24e310fc051e00bf
0a1930bcf1cf110325e105e3010605d2
051925d803c70c050debf9e0000703e5
010f20e1fce8120311d6f5fef9f30a08
0dff17d4f005101122e1f90efdea0af7
f2fb13dcdf04070c14e30103f6f415fc
dd0113e8e4fbfae711d60104f9fe0a03
f90812ceede10bfa21ccfe05f0011c08
f10428d8f2e109062ddbf707e7fe0004
f5f81ae0eedffe0c1decf507effff7f1
1803feef04e907080cf6f203fe02ebe9
0302f2effef1f1ff16ef0403fbfce703
fef60d01f4fe0300fbfded04fa060b04
fc030404fcfffdfd04fcfdfffc040200
03030402fffffe040204040003000001
0404fc01fc0203010204020101fc04fe
fd03fc03fb0402fcffff00ff0300fd03
fe04fcfe020004fd01fe00fffd0002fe
02000404fe00ff02010001fefd0304fd
00f90000f404fffcf702f2fdeb0708fd
faf51207e707f4fbfafbdc01e40c11ff
fdf112edf00502f30cf6f8fde8020af3
fee515ecf80007f50df605fbfafe06ee
fef30ef1f402fefb0ef50700fbff08ed
f50713e3f9fefffa0af4fdfef7fd0ade
f61c22dcf00902f51bec0103eff91ed2
fa1c24db00fd16031de91708faf51ad4
05141cddfef00a0114eb0e040afe0dd8
f70e1bd7ebeafdf304ecf3fef70f0cda
fd2b2ad3eeeefc0416defa02f4fa08f9
0c2820d90ef914151cf0fbfdefec0802
071a1fdafa06010f19f3ef01f9f6050d
fa0e19f8e9faeefa0cebf7fcf00003f6
07191ef2f4edf81013e9fcf8fff501fa
ff090ef4fbe804081cebfbf804fd00f2
f70802fe00fa01fa0ef0fdff040100fa
eef612fff1f4f1fc12e8f2f6f61201fd
e8fb14fef1eced0116eaf7f9f709fd05
fffd0802010bfdfe08fcf603ee00fdfc
fffcfdff0104020402fc03fd010302fc
fd03ff020004fdfd01fdfcfdfcfdfd03
02fd0101ff02020000ff04fc0100ff00
fcfffc00030305fe000402030401fc00
020204020003fcfefe01ff0002010104
01fdfc04ff00fb03fc00fc00fe0003fc
0001fefc00fbfd020102fb030100fc00
fefdfefefe01fe00040303fe04fd04fd
fb0400ff03010105010300fc02fe05fd
fcfdfefc000201ff02fe020400ff0404
0404fdfcfe02ff010401fc0204fefeff
020204fcff0202fe00fe0001fefe0302
fdff0100fe02fc000001fcff0401fefe
02040400fc02040104fc02fe04040100
04fe02fefefdfefbfe04fd00fcfe04fe
0100fefdfefefe03fc03fd0402fc0104
000008020c10fff802f5f7f7000107fc
010102060c0efdf403f5f7ff05040400
fe05faf6f7f1f40e0214fc0f10fcff04
01fc020200fffb0303060206090404fd
fc01fffdfbff020204040303ff03fcff
fc03fffdfdfefffb00fd040001010101
01fe03fd02fffefe03fdff00ff030004
fe0104fc030401fdfcfc0101fcfdff00
0200fc0400fd020400fffeff00fcfcfc
0200fc02020202030300fc010104fdfd
0100fc02fd0000fb0304ff04fe02fd01
04fc000102ff03fcfcfe040102fd0104
fdfdffff01fcfefe04fc02fdfcfd02fc
04030202fd03ff04000000fbfd01fcfd
fe04fefcfe02fb030001fc02fd03fefc
04ff04fe0203fd020001fefc0004fcfc
fc04fdfefe04fc0100fe010403010300
02fd00fefcfcfdfcfdfc04fc0203fc03
0404fc01fe0302ff04fc00fc0402fffc
0403fffe0201fd040105fd040402ffff
000108060600f9fbfdfdfefefcfe0100
05fe050203fdf8fcfdfefdfe01fc06ff
05fa03000309f5fb04fefa06f6010901
08fb06050d07f9f406f7f6fff2fe0bfe
05f80f0d1311feecfff0f7f900f00efd
09f907070605fff305f5fafaf8f807f9
00fe0804080b00f000fef400f2fe0af8
04f306041214f4e60001f402f80015f6
0bf502031211f0e906fbf200f7f40ff9
06fe05041618fae602f8f3faf4f118fa
f4fcf5faef0b0a02fefefcf512f80704
fbf4fdf906fdedf6ffec0d01050211fc
07edf5f210f2eafc0a04fa0a07f514f1
09effef71703f0f108f9f5fe01f513ee
0aff0f10181900ea05faf6ffecfe0ff6
01f4121b1d24f2e907ecee09ecf812f2
fdf61c1f1d29ecdd03e9e904ecf70ce8
05f7080e111df9f0f3e6ecf5f4fb05f1
09fa080c0b12faf704edff01f4fc08f1
04ff0a060811f4fbffee0209f80209f8
0000fe01fcfffd05fdfefe01fffc02fd
02030004fd0301fffffc02fc02fe0004
02fdfffdff03fc01030103fdfdfffcfc
040203fc04fd0303fb04fcfd03fffdfe
01ff01fd05010401030300ff01fdfe00
ff01fdfe03fd00fffdfd0100fc01fd04
02ff01040203fe00fc00fb0003fffe00
1ae9f4e918f8ecfe00ebfaf6010102e7
17e9fcf11902e9fa02e9f6f8fbff0fed
fffa050a0002040006000106ff010800
07f609040502fcfa0601f601fbfa0afc
0af410081404f5ed09f9f006f7fe0d02
03ef1519070b00ee160ef3150aec0ffd
f7f2010ef9fafd071621fd200eec0cf8
13f1070e02f6ee020e2df9210ce71200
1df4131c0d0df2fa0922011b00de2105
13f3060c0df3f90bf722f70919ee02f8
fbf6f415eb02070beaf9f3031f19fdf6
f0f7fb1df5080506f813f5100d050af3
daf50a260306fa01ee01ff10060716f9
e8000e101502ef04e7f8150b0f1517e9
e70e10190a040204f4f81309051107e9
f80c1d120600ff061af60603eb111af1
0906030c012cf0ff08f00f01ea0a18e2
01f906080430f30a0001fb0eed0a0af3
02f1070d0f31f1070012f20df00712ef
08f10e161934f5ed000be90eed050df1
13f4150d131feceb0708e52000050eeb
08feff080401f402ff0dfc1309fb03f9
fdfff9fffcfdf8020a09ff0508fffefe
fc04ff01fcfc010104fdfdfefcfdff01
0401030205030203fc020004030403fc
fe0001fdfcfc0200ff0402fcffff00fd
fc0403fd0401fe0003010401fc00fcfd
f0fff1ff0305ed03eefc11081101fb10
1decf0ea1801e9fdf9ec1af8120604ef
1cfa17f70c02faf602f50315020807ee
0afa0f1113070506fd1ff911f4f310f0
03ea121e18fefefc0313fe14fff61900
0bf01510170207f5f209f209eae514f2
11e11bff0ff2fb01eff9f502faf013df
f9e108090601e4fa04fbf807f9fd15eb
fddf12fa11e1fe00f6fff900eaf713e5
09e413100bf60312e509f40befe717de
10e9170cfef7f405d8f5f50bf90722ed
08dd060e0506ebf7d8f3eb01fe101ae0
16f203060313fbf9dff6f7feea150ed0
13fc130002f4fef9f6f706f1f3180ad8
1a0401f508ebf70fe80418f9001201de
1b18feec07f2fe10ddf71ff600fffaf0
1a131cf607f005fefcfb1deaf9f315fb
090f11fe0903fb0c01072303f7f31a07
0b150ef00c150f11fcf119fed60813fe
ec151a020a10151b1af90205de0307f9
e0090e0f010715f429f8e901f9f60001
e3f01a1406fe0bd527eee1f4e7000313
fef20b06fd0ef5f412fde80bf41300fe
f5010deffcf110080a06f3050af2f5ff
04fb0ff1f1f616fe0905f60cfc00fef8
000201fc03fefc040004fd0401fdff00
03fffc0302fe01fc00010001fcfc0201
ff0405fd01030400fcfe04fafd0000fd
f6fcedfffff9ee0eef01130e0ef0f412
0d0115e90ef1120af5e916eaf6050d12
06f6160625fa02f4f5fdfbfbec0407f7
16ee061f0f10fffaef11090af40405e4
08e90223ff07f1fff61c101906fc09fb
05ed0416fdfc060701060503f1f302e7
0ceb021efefcff10f307000bedf60af0
03d1fa0d07f5f9ff020f0611f5f308e9
04cf06150dddf918f918060cfaef12e3
0be80cfc05ec0217e507f80bf70918ed
06e90a09fafd060fddfef407f80e04f7
00e9010af60900f4dbf5f0f90405f8f4
fdef0b0ff4f20bf1e3f6eeeaf8010adf
0e0709f506e906f4e9fa06eff40d10e4
0d05f9f906e403f807fd0deef4f801f3
180efaf707f3000e1bfe10e7f9f709f1
100bfbf611eefe11230321ec01070909
0600fbfc03ec04fd15fe2dfb01f70a13
0203f6fc01f30c02130312fefbf6fc00
f810070802fc14fe1b000df7f60df408
ff0cff080200160027f9feeff613ee16
e3050805f4190be524f4e702fa08e906
e0fc1cfaddfb23fc2ef1f502eb0ceff6
ebff13f6f1ef190722fbfbf2fb0afff1
070016f6f4e918fb17f906f6e61708fc
04fd120c030cfe04f801fc07ebff0eef
fdff010401fdfc0201fc01fd00fd0301
fffd01fdff0003fd0104fdfe00fffc00
08f8000f0c1ae508f1f3031d0ee70a13
15fd07fbf7f7fd06fb091814feed0f08
14ea06221bf7edf9fb17f81d06ee04f9
26ee06040e0dfefbf4070c1d0f17f0ff
0de4fe1407faff0def0d1317050af908
0bec0a0e00f40625f9000bfdfcf403ff
09010200040009220106f70306fdf9f4
06f200f90bee0c11ff13f90aff02fae7
04ecf8fe06e80315f4080504ee010adf
10e012f4f5ea091801f7f0fef0080bee
0be10c08ebeb0a130bf2f3fe07feff03
09d70901f8f40409fefddeec050701f2
08e90203f7fb09f3fbffdef3fdfe02f2
08e4f5f7f906fbf9fafff6040107fef3
09e7fdf2f6f3ff0208040dfd09fbfbea
07ee04fff0ef00010a0416f3faff09ec
11e8f600f3f8fd02060f1beefd080605
0be7fc0900f6fcf3140613eaf8030401
06f20a03f6ec07f60a0713fcf3f8fef0
00fcf308f2e6f3f811f80a0013fef107
0908e8feedf8f2060efc04080a03ef11
0401f00fe418f5fefafbf60f09f8e5fd
e801050cd80e09f618fdf210f7f7f4fd
ea0c0d01e0011d04280afaf4e60a070d
0c022402ea0210f115fcfef3e80920e9
f7fd0c11f8150af3f508fe0fe6ff09ee
000200fd0103fefd04fcff02feff02fc
09f3f2f4fdf2f51003fc0e0d0df104f1
fc0a0b0017f60901f4fcfff4f41001f7
1c04000806e6f80904130314faf7010e
1e0c05140eeafc070c13fb1206faf801
2413f7f80afe060e12060e1a0c06e5fa
06faf8f9fcf7031f01fd1310030603fd
02f00701f9e60729f3f508f50a030802
050309ea04e00a18fefefbeffc0dfefc
010908f100e60c2000fd01fbf40103e8
fbf802f7fbe8fe19ffe8fdf3fffa15e0
05ec0cfa00f00716feeeedf7030e1bf8
fce604fdf8f2081f01f0e7ef0f070d06
08e603f607f9041cfdf8e2ed030a12f7
03f20af7ffff0009f8f9e4f6f5091401
f9ea0cf6fffd02f8f8fef8fbf7060ffe
ffea05f5f9f902fef4ff0bfaff030dfc
fff109f4f2fd0100f8080aebf4fd06ff
06ef03f4f7fdfb00030318ecf3ffff06
f7fc0802f7f807ff03fe1ef204fbed02
fefc04f9f1f809f805ff18ea0406ef06
130fe5f9fcf7f501f8f607ee0ffeea0f
0911e100f212f904f8fdf1f908ffea02
fc05e709d7080b0401f9ef07f6edf409
01060101d30a07f208fbf80cef00fbf5
000b1201dbf213f7190b0002d2190b11
070e09f7e70916041204060ef40003fa
09fa020cf008f7fe0304fd05ecf705f0
02ff00ff0301010003ff02ff06030106
1e04fef5fddfef1d0df716140be508f0
081709f615f306fd06f7effbff06e9fe
1019f9fa04eafa05140e0702fff9f918
00fc021006e9fa0f130f0ffe07edf80e
0c02f1feffef021210f9120605f7eff7
100501f0fded0025fbfa0c040903fdf6
080205eefee5fa1ffbf2fef5080806f9
fc0508e8fdef061700f3feffef0b0bf1
fd0e01ec04e7050b00f300f9020812fd
f70802f806dbfb0900ebfa01020514fb
fff500fe06f8fd14f6fbf300090e17fd
fcf404fd11f70214f8ebe6ee0912160a
fa0209fb0d010218f7f2dfe80c02150e
02ff00fe0d0ef90aeff6e8f6fb071d07
f8fa0efa07fe05fcf7f7f9eef40615ff
050003f3fc020700fbf814edfe0cfffd
0404fcea010d0303f40521f60f03eaf1
fdf801f8fe00fcfb0c0320e804fef200
fd09f9fdfef70104fef926f10efaea16
0001f3fff005fc04f8041ded1606da10
0201f102eb05fdf90007fbe81502ec05
0408edfce60b01f90cffe9f412f6f007
0205ecfae7000fe40ff0ecec0ef5da14
fc03f101ebf506f0020ce807df0ddf04
fcfd0f03cee507f1ff09f00dce18e9fa
08160406dcfe23010ff9010dedf7f303
0eff090bf00af6f80503fe0bee0105f4
19f3e9e2191eebfd19e6f71b01fb00e5
150800f7fbf0f20012ff050b130afef7
f90ff80712fa0bfc0f0602eafbfbec03
0700f8fcffeb031814060eeb03e8040d
f902fa0203eafa0d1c000ceeffeef20e
ff05f40006f1fb0002f70b040ffcefff
fefe05ecf7f506f9fb0202030804000b
ff0804eeffea0a000dedfcfb16000410
010408f216f40801fce5f3f6020a0c13
f80cf7fa03dd04fd04ed060107040a16
f60b00fcfae3f3fffef7070b09030f0e
ef1009010bf2fef501faf80010090df8
f405fcff0ffdfdf504fceceb16080c09
ef01020b090afffe07fbe0e915fd0d14
fb06f902fe0bfd05eff5e3f11207070c
070906f7fcff01fef4fef1f4080df5f5
070b02f405f305ee03fa14e90602f0ee
ff07fcf4faf3f4fe03f91df91200ecef
0303fef502effffdfa0118f100f8ec05
fdf3fb0002edf901ff0014f203eeee07
0405f200fbf5fb0512fb06010a00e3fb
0500fa04fc000d060b00f1f4f8fdedfc
0d00fbfef3fa01010ff0f2f10aedee04
070ef0f2e4e703f919e8eef611fed30c
0213fdf5f0e213d904fee005e818d607
f70d0bf7d7ec33dcf1fcf614d70de90c
fe000601dbf619f71afe01f4f3f3030e
0d0910fbf0f504fc0ffc01fa02010afd
0a0809ff10f6010007fafcfc0504fc09
16160df019fbff0000ea09f00809ff06
05faf3fe040b0812fffa15f116f3fa00
0cf504f804dbf8140b1000fd18ec04fb
010604fd12f3fbf51bf30cdb020ffffc
0001f9f6ffedf9f20bf612ff0302fdf4
fd0205ef00f006e303ee05f2080d0a11
ff0500f808ecfeec0bedf8f91907120e
f90100fc08e904e109e305f80e04180e
f2fb040707e202e8fdf505f20c081306
f10801fa0feff5df02fffd04020d0cf8
f30a09f91bf004db05faf3fe0914fdf8
fd0f070313ff00ec0704edf2170cfa04
0107fd040710faed0502dfe6130cfa17
060c05fefa19f9fcff06e1ea0e0afb06
ff0905fcf60efcfbfdfcf9f50804f300
080804f804f103f609f21ef8fdf3eff7
080700fc09e1fbfe06fa17fd0cf7ecf5
0a08fd0309e5fbf804030f00fe05f104
00f7f70806f4fbfdfb05ff01fcf3ee07
0205f5040bf104fd0e02f203eff5ebff
0610f80b03ec0ffc16feefffeefde905
180b07fefde0060614e9fefe07f5e30a
0f0605faf6df050025dbe5f102f6e40f
141a02eef1f10fd80bece508f123ea0e
181f1becd4e92fe403e3fd0adb18f910
f00011f5e1030bfe24fb05141203fe0b
0111f3e70f09f2fcfaf2040b190dec0b
0b0403fc10f9fafe0bffff03fd07fd0b
0c07fbfa0dfdf9f804fe06080c0bfc0a
100af2e7fcfaef0607f519f619fcf00b
11ed02fe08e40005020a10f5f4ec15eb
f4030b0601e3fedd1af518dffe15f303
f204fbff05dffbde0e0606fa010e030b
020808fe06ddfcdf0ff8f4f5170f1604
000901fa06f801d50ef4ebfd1a0d13fe
fa0605f90cea05d502e702fb1c0a0ef7
f50a0bf714e30dc001f7fcf3140800fb
fd1308ff13eb03be10f5fff81504f800
fd0506f910fcf9d10af8faf7090bf902
040cfffe070ffee90b07edf3f70df90a
170904020d1cf5e20605dfebef09faff
130208fa011bf7e4eaf1e4f5fcfeff00
0810fdf00010fbf3f1f005060500f2fc
0b0bfde415f6f9f4fcf1140501f401fb
06fef5f00feefef207fc170a06f8faf4
06fffef916f0faf902f90902fdfdff01
070ffa0008feff000502fb00f3fa0205
0b1507f70be7080209f6ea06f3fc0d01
1317f90308e1f9ff11efdb08fcfbfa09
1708fff50addfef508e6d3fcfbf0e20a
04ed0f0404eafffb0cded1fbf5ebf604
000b0cf1f8f90bf20ae0e2150105fc06
ff1e12e4f2f8160dfef3011a0817f7fd
ff0b17f2e4e5f4fa18fe070f1619faf3
f607ffef04fbfefe05fa04f1190ee610
0b0bfcfb0dfdfefb05f90302ff0ef60d
0603faeb1509e0f20ae901172307f2ed
1a0d0df01701f4e60ff6fdeb131ce60f
110015fcf7df0af717ef04ece6f40b09
0a00120500d2ffd71fe617f0030a0205
f80a0b0c02d607cc19fefbf50407010a
f80806060bdc03be1808f2f70d1008ff
fe0d04ff0ffc06cd17f6eeff1b1100ff
001109ff1af70fd50cfcfaff1505fdfe
fc1a0a0017ea0ec11bfefcf50dfbf7f9
0d0e02fb12fa06d110f9fef70106f307
130f04f9fe1102e60af9f6f2fa0bf707
140a0bfd012514f80b0cefe6dc02f703
1e0812f403240aeceefeebfae40808fc
0b0814fa08100aefd3e6ff0509010004
021508eb040a09fce5dd0f0d02fef6f8
ef0107e711000900fdee130bf801fd04
01fcfeec1bfbfeeffef90bfbfa0bfef9
07fc04fb1afffafaf8f501f6f4020904
010700070707fe060501f204f60105fe
050505000beaf7140ef4dafef9f80a03
fcff01090af0f4ff09f4cc0601f00309
0601050510e9fc0005f2c001fef5f40d
f8f70c0116ebf90704e2ccfc01faff0b
e8ef16f803d6fe06f9cecdf7f5f31711
e9011affddcffd07fbeef90311021003
050f2ff7e4d118dbfedefae2f411100f
031012e908f7ea0ffff603fd1c0b0603
ff04fcfefd03ff0202fefc020602fb03
0906fdf902fcfbfd03feff020b0bfb08
0e070afe1af9f7e7f7030aebfe0eea0f
0f0f18f9e8df120723e307ece8ff131e
0604140c0cd606e212f50ce5f91a0716
08060e0c06cf10d915f703e8ee09f90f
0604ff080ee60acc1106f8eee8130306
180dff090cf30bd726f8f5fd020cfb04
1324030312f70ae918fff305030ef906
0d19fe0310fe02ea1200fffbe903fe06
1a17fefc050d07ff00fd0a04dd05f90c
150bfffaef310405fc03fcfcd1040207
1904f7ffe33d0a16fd07fd0adffcfdfd
0ffd05f2eb2c0d09e802ff1ae9f201fb
02fe1befff160a0ae4eafc1c06fa01f9
fc0d15ee0d0515ffe5e00610f7fef706
f5fc0dfd11050404f1ef1109f902f908
f6f508fd110603f5faf709f7f3080304
070109fb1a13fd02fef7fc01fd08ff06
fbfcfdfe0306f90202feeb09fc01fef7
fb02fbfe02fcf80409fae908f304020d
01f5f80f0af4fa05fefade01fbeef71d
f9fafd0e11ebec01fdf8cf07fcf9ef0f
f3e80a111dd6fb01fbead8e5f90c0819
f0faf60207c5eb120ce1f50711f60a04
f7110befe4d1de1d20edf115260606fb
0a1a1edaefd8f3080be305f9160afffd
061417e513f1df1bf6f70308230b03f6
01f0f40e020ef1f2fdfc041307150d0e
020afa0102f8fcfb130806050e08f707
0e1a08ef0eeaf4f610f808010e11ef12
10160af6f1e0010721df0cf6ea060c1e
0f0d02f517d004fd07f10aece820ee0e
19110d0703ce12f1110304fcda0eebfb
1608031206e304fc0d04fc05da0afafb
1a1bfd100c0109f5130afcfdd808010b
1810fe0c11f908040d07f9fccffeff07
0b16f80c030506050cff0401cafa0310
12110405fe1d0f23f4100607ca000209
0a0f01ffe51e0b23ef09fc0ec5f10011
090506fdd82c0921effef31ae4f9f9f9
fff811fbe81c081ef5f6f1140ce2feff
ff0413f6070e0c11ffe7f71215f90107
f603160105031202f7f3050d0101f516
f4f91206090b1003ee000a08f6fffd06
eefe0600021506f2f7ff0d06f904fc04
0103fc00021602ff0001fe02fef8f905
fcf6ff010b08fffff103f803f7fe0605
fd0afc020403fa09fafdfcfef40f0b1a
1201fc0d0eeef70ce7f708fd03fffa22
fbf8f70b0ddeea0bf4fafb07fdf7fd15
f7ec04091bdaf0fce3fb010404030806
f505fffa06c6e91cf4f006171a0314f6
f416fff1eec9e82502f1001021fa040b
020d07f3d9d8e7140ef90b0c1dfefcfd
fdf4f4fcf3f9f1020518f2120dfd0cf8
0204f9faf804fbfa02fb0b0204070af9
030807fa020009ff07ff10020105fbfe
171300eefcfceefb12f6040a0519f30b
1b0c02f8f6f4fb1710fa0722e6100216
0c10ecfe0fe202210d070a0ee11cefff
0d10f20affd90b1112091311d605e5fd
1405fd1701dc011d060e040fcd0001f9
0e14fb0e06fe0a1801180305c3fd0003
f913fd0b0a060812010d0c0bb7f601fb
f5100007041b051ee90c130abcf50105
ec070904fd21041ae60c0502d6f90aff
fb0b0d06e9180a13db0af612eff30400
05090208e9130620e408f8210df5fa06
fb040e09fa01001d02f3fe1c1bee0310
fb030f11f6f704110af30f1714fc0123
fa07141005fe010fff050612f902fe11
edfb1512f9190303eb170914f6f9fe0b
f5040202f91b0901f110070800f5f30b
f70001fd091ffe0aea0a000703fe0304
0507fefe030e0707eb0b0c040307fc18
fa06ff001515fe06eb0406f6fe10070c
0905f70614fff507e4f80ff603020305
0b0cf60a14eff107e4030a0404040af4
0913f8f517e9f00ce5f6141900170ef8
0413ecf110dbe908db052224010d12ff
ef07f515eddaea1af019091dfaeb0c03
f8eee507e7dae41c04281f271f0402e7
fafaf801eff2f804080afd1309fc01fb
0406f5f7fe00fafc04f408ff010701fc
0a0008f70505080901f90603f9f909fd
0615e611df18f2fe04111a1a07f5f40a
0215f518e206072305230130f009ef1e
0811f4ff040a0e23fc181512e81cf210
1605fcfe0fef0028fb09180bdd0fefee
0f0a05040aed091de50d130cd30b06ef
f506f90814fb0a0eee0b1114c0fafff6
d20b020b0e000a08da130f01beebfef3
d80b010dfe13030fda100106e2f903f8
db04000afc1e0817d40ffe01fffbfff8
e80e080bef160915e311fe0f23fb0608
fe0f030fee0f0116f70ff91829fe0d0f
fbfe0b10edfbfa12060d021723fa0825
f8010b17fbeffd0a0afe0717fff7052c
f9070e0bfb06070bfb0b0012f3fafd14
f5f60719e91c010cf21c000cf1fa030b
01120b06f727100aed18021407fffc0e
fe070bff021c0b09e60d050f0d0a0307
060408ff0603030de2150a0f0601fefb
020901f51305f9ffe8010af800070c06
0312fdfa150bfb05e20214fc0c0c1203
0111fc0112f40901fa030ff40704fe0a
0616f5eb1405ff0efd02100afe0a0ef5
0f07f2e10aeee60a0a0a0f13060222f1
e5eef90802f5ef0df81c0e12ebea16ea
0b12dc11e4e0f4190429281608ffecf4
fff3ed0ae5ece80f081404180fff0bfd
0306f3ff00f9fafefbf9fdfe0007ff02
0dfb06f505f40511fcf50af6f6f50702
1914fa0ee703fa150205140e0be711ff
030df909ee04021a0a10151dfcff0107
070ef601f4190025ea0b1413df06f500
1401f8021214f91ed51b1605d803f6fb
f2f707100ef6050ccb15130be2fdfc0a
eefcf50a12f7000abd130e13e3f0f9f3
d307040116060afdbd0e0005e8eef1e9
ce0606040506070ecc0ffd0712edfef6
cf00ff0bfe140909d80af5ff1ff501f6
d900fc08001b000ff31cf00432020805
e90efa03fc0908050614f60e28f90c14
ed00000df1f9fc011008041318ec0a1d
f103ff16f5f8f60708070c12fff60316
fc0afb0eee08040d03140616f206fb09
0405fe12e821090e0825fe10f9f7f90d
0615090af61f0f04ff25fe180505f4ff
11041008ff0c0f05fc1b060b0c0901f3
090f04f7060b0416f9121c07070101ec
0b10fdf311090106e9140d05fa0408fd
101af6f806effa05fb1a18150afe0f04
0c10fff80cf20201f9080d00000013fc
f807ffee0501fd0609080803f9fc18ff
01fcfbf00402ec03fb02250dfbf31efd
d9dcff2300f8ee0f03271b1ceddf15e8
effddb1ddecaeb23073b122afffef9ee
fcfee40ae9dde6100b12011a0e0511fc
02ff0402020203fefc04fcff04fcfefc
0a0303f508fb070dfbf709fcfcf20408
0b17f410ee05ff11ff0b1f0c0eec0000
12fd0301f6f5042afeff130dff111105
0404f5fce815fa1be7041d10ecf4f1ef
060100fc0d1efc0cdc080a08d7f8f0f4
f7fa070208020502c91c0d05f0fbf4fc
f3ea000015f707efb7130600f4e7fbfd
e4fb030c170106eebb19f30009ecfaf8
d8fcfd010a0704f4c612f20329e7f2f6
d2fff0fe0e1d01fbf11def0328f401f6
dbf9f4fc081003f81520f3112df00401
d8fbed0605fcfefc1c11ee0919d90d15
e4f5f60804fff90d1308ef0911db0a16
e6fdf90a000ef608060a0614fd05fd0c
fe03010af4180206ff20fe17ef10faf5
ff0d0307eb140d040725f70ff703edeb
0d0f09fefb0b0cfd0d1ffb0bfa0ff6e2
120608fbf70508061128031e060bf8df
0b0209f80c0703ff05120ffd03f603e6
110b00f30204fff9ff110d0afcf90af2
0d0af80101f20001011b17170de21414
0408eef709f0fcff020b0a0a0bee1004
fffefcf1040a00fe12fd0afc08de15f9
fa02fce9ff03faf503f8110218eefefb
e6ebef0cf7fbecfd0017121916f10906
0303f115e9ddfd00f213020310feedff
fbfad70106e8def10d06fef6f8010cf8
100a13f706f0f90807eeecf1fd0b0303
03fe0303fe00010a01fe080200ea050e
0d1709ff05f6040bfff321fdf2f60100
0cee0512f1f7fc310311210b030710f7
fc03010eee13f70af418130902fcf9d9
0efa08fefe0fff08d915140ffdf8ece2
04e71306fef604ffd51b0afef7f7f2fc
03e1090013f107ecc81ff7f819e9f2ec
ffe8fafd11fafeebce17eb021bf4f6ed
efe3ec010a0bfaf5f413f00b2feaf1ee
e5e2fcf312fefce71304f20720ed01f0
e7f1feea1c0002eb1906f40617ddfef8
e1e8f5010e0a00f82509f4110cc0feff
e5f0010a0408f905180afb0605cfff0b
f4f2000ffe19f7050911fb0b0017f6fe
06f7020af10cfd000720fc10f71ff4e4
070403fdf00509060723fe17f909f3da
0ffe0bfe02f908040a1d031df709f6de
05e8020302f905020d1f0119ff05f9e1
04e603fa0ffa070b051b03fe000107e0
00f508050bf30901f60b02fa01f907fc
03eefb0707ec0409ee0d0afcfaf60d07
05f1f5fc06f2fbf9f50a00f4fbf80af2
f2ebfcfefb14faf6f70d030507e70be8
f7f1fb06defcf4fe0c10111717e9f7f5
f6eaf41f0000db01fb010c1a17f61603
0b170204f2ef0303020dfdfa1aece40c
02e8e918eb0ce910fd2116161502fd0e
f9fef608fd04faf9f5000e040904070b
171403ef1ceef1f804f1f9f3f30c0700
090c03e819f7ff14fdfe0901fd0905fb
15f101f4060d070df413210600ff15ed
070201fffe0af602ed190604050201de
15fc0902fa04ff07e2160905f102f8d6
0ff50903f5f602fad6080bf9fffeecf1
11e0fc04f9f4f9f9e10b00011df2eff0
0bd8f8ff00e1fff2f708e9fd1ff4f0f9
06ddf2010ae8f6f701fcef0425eefff7
04d700f80ee4faed1300fc071ce605f8
fcdefbf917fdfdf82203fb071be9fbf1
10e0fdf2150ef9fb16efef0409d60403
0beafc03f412f30a1af403030deafd18
08f2fd06fd14f8000f07fe0bfe20f401
fdf0050bf00a05fe07170413fe28f8e8
fbfa0307f2fb05fb06140614ff13f7e5
fff6ff0905ea07fb130e0811f505f8e8
f7f1040b02f204f70f15000deb0605e2
f6e5110a16fc14f8071203f5fc0209ea
fde201000ae905f70304ffeff5020af3
eee0fd0901ea0205f00e06ebf0031802
fbdef81000e7f4fdef11f8f8f0fa23f3
01e2061fe805f0eef81d030a07f918e9
09e60b05fa11f3fefa05030c091400f2
f5e9f416f904dc08f3fb190f18171ffb
f8fdec14f0f6e7140a1e0e1813e6fc05
09f4f307f814e60ded1513130e0bf819
00010003fcfefcfffdffffff0103fbfe
0207f3f91413ede901eff8f1e9f3fcfc
f506e7f800ffff04011a010b130503f2
07e3f4fefbeffb18fb1f1b0617f80ade
05f305fefff8f6f9de0cfbfc09fa02dd
0cf610fbf9f5f4f9e303f2eeed07fae1
06f20502e8f1f604f1f60df50d02ebe9
14e6f905f3f6edfff906fd0914fef5f7
1cebf9fdece9f2f30903fc0015fef6fe
1df1fcfdf8e5fbf613fef5f709f40900
1aec00fafbe3f7ea18f6f4fa10ed0b03
16f8f6f5fef4f2f31ff1f80313f00305
1bfaedf7ff08f2fb14edfefe0ceb061c
170203fd04fff7060de6fcfc05070508
0cfb07110611fc0703f200fffe210afc
f8fc0311fcfc04fd0dfd03ff011b01f3
f5f9fc1205fc08f6fb060a04fa19feed
fc01010c07ee03ef06040805f71602e8
f9edfd1601f705f507110b08ee0a0fe5
efef010608ff07f50a0c05f7030d0ff2
fce20312feed06fffdfe09f5f0fb19f8
ecdcfb12fce10301f20afeeff1f719fc
ebe5fd12fbebfcf3f30dfdeff9042003
fde80514f0e6fbeafb0f0af10d050df5
10ed0b0d0a11ec02f1110403f61211ee
edfe0e02140802f900030ff5f0151df1
fffef413e609e71103290a1914f30709
0105f8fb0207fdfef3000c0906030105
fdfaf404fe09f6f4ee0012100cff0708
02ecf509f5fff312fc0f02ff0cef0103
f2f2eefdf3f10029fe1b13fd11f802f4
f4d7e903ebe4f414f8171cf812f702eb
f2ecff03f2f4f9fbd210f2ea010b0bd1
eff5fd05f8fcfef6e504f402ff0ef0e0
f6e90400f4ebedfdf9f908fc040cf3ef
0deefe0af5f0eeedf7000600050802f9
10f8fc0ce5edf1f90900f6f2fb0b02f1
0f07fd07e7eff4f40cfbf0f404080904
1900fb02f2ebe8fe0af6f3f208fd0a0c
1301fc01f7edf7fa13e902eafdf50b12
1c06ff040afbfbfc04ed00ed05030a0b
11070b0907f9f3fa05eafef3fc0e1101
08030b1004fbfbfc08ee04e909180d04
fcff040903f40cfc07ed06e6011d0ff8
f703020119f106f7f8f805f002130ce1
fffb08130ced0af708ff01f9f00309df
02f209110c00fcf708fe04ffe80b13ed
f3f0020ffff406fc07f902f7fb000cfa
f0e3031302f50bfd010108fbf50515ff
e3f0ff0dfdf50df4000908f6fe060a07
f1f3fe15f7f507def7100beb01000a03
07f8f51dece7f6f1021004f40afefaed
ec060403fe10f408f70d02f8fd1600f2
f20303eb0303fdf906f0140d050714fd
03f9e6e30d0be5fa12e3122309f2fce3
05fefe0002fd00fefcfffc04fb010204
fcfded03fb09f6fcec000d140d04050e
00f6fd07ff0bf905f801120c06f80405
feeff900f3f9fb28020e08f610ecfff6
ebf804fefad9f203f8040df2f1001ce5
eeed050bf1eff7fee501f4e7070f08e2
e9dee710ebdfe3faeefafefa0d0c04f5
f3f1ee06e8eee5e8f8fdfef90efefaf9
f3f8f2fae2f8e7e8fcf9fbfe01fd04f8
0606f102e6f7e1f208f2f3e9001205fa
0f08f3fee5fbe6ee09ecf3eb010709f6
0f0bf604ef03f401fbf6f3f8fffe0d00
0f05f900f3e4fafe06ecffe302f90d0f
090700fb0bf3fef409f6f6e1fc011006
080100fc08f1f4fb0af609ee02080e0e
040702fd0beb00040fed04dd050d0d08
0a0005f90aed04fd07f408e9061213f6
060002fd18f40dfefef400eb070f0be4
0efa09031af80cf306eb06ecf50708e6
07f6fe07090002f302ecfeece4020ff6
00fcfd0c05f708f902ee1303f8ff04fc
efefff16050a04f1f8031505fe0410fa
eaf9f620fa100beefb0a1405fbfdfc02
0001f41705f707e6fe070eed04f4fdf9
03f8fc0ef7fa01f9070105ec04f601f3
dd0208ffee0bff08f71205f9fa0beffe
ecf507f60b1409f608f504f7fe020503
0a0b07e7141b07f4f6e91606f5f508ee
03fff9fcfe01fcfc00fcfb00fdff00ff
00fe00fcff0402fefe04ff04fe000302
fcfefe04fd0301fffd040200fd000100
0eef0d0af5e3f91903071404efed0fed
00021dfdffe11014010622eee40b29d7
f3f91308f4e3fa100bff18e505070ce3
fbf5fe0efce2f218f3effcf1f9f510f6
f306ee0803ecee07f3fafef80bfa00fd
fd06e5eef2f8ec0cedf807fc01eeff06
f208ebfde5f8f8f702f1faf2f5f60708
0501ecf7df01ebf601e7fe0107fafd06
1309eff9ed01f900fbecfa0d0905070c
12faf1f8f2fdf8fefcf7030007fd070c
0505f0f7f9f8f3fd0ffa08010b07fe16
fd01fafafaed00021efb15ef13ff0310
050901f4fdf5070f110809f406170507
01fd01f5fdee00030bfe0ff00e1008fc
040604f905f607f112ed05f3170902f1
0e09fafa05f8fde70ede03e5020508ef
0b080507060b14ec0de506dbf0ec04ef
f2090519000911f40bf303f1f7fefcee
eef7082c010f13f202f603f3f10111ed
ecfafd28091b0ff5fffb07feee0602f8
e9f7001b010105fa04f6faed03f60706
ebfe0a07fd1109f702fd04f3fbfa0301
f1fd0ffa0ef404080205f6e7ed0a0209
f2f408f5080b0df9fcee03f9fbf30f09
0501fdf3041805f7eeee121101000f0b
0301fcfd0304ffff03fdfcfd00ff01fe
02fefffdfdfdfcfe00fc00ff000205fe
03fdfd0400fd010202fdfcff01fe04fd
0bfe080b07e50903000305fcf40af8f5
170118f307f01212f9ee1beee4020ce9
1ef311030efb0d16eafa10d9f6f3fff6
240d01fa15fb06fdf7f5f5e8fcebfe02
020bfbfa0af10805fa100ae4fdebfe07
fe1602f013f60d15e20a03daeef01210
fa0602ee0af40b12effa05eaf6fa0412
fb07f5fb00f4050ef8e70c01f8f6fd03
fef7f8f8ff000816fbe4f409f1000506
0001fbf8f3f00911fee9ff0504fefe18
040200f3fbf802fb0beb11fa0207f90f
090300f4ff00050717f11602060efc04
1201fef3f60203160ff51e0ffd040601
02f909f9020102fd0cf308f8fc0c0e05
000410f614fe11f30bed08eef9ff03eb
0c0806eb0a18fbfe0fde09e9071805dd
f50602f5f224fefd0ff50fe1f3fe07ee
ea180d00f71d070411f6f3edf50303fc
df0e0d0517151b0b0beff4f2f80f02f4
d6fefa05000b050b06f1f303e60dfe0b
e501f80601210a120efbeb02e7010012
edfb07070e241208f0fcf2f7de041106
f70ef6fbf411ec0efbf80709041216f5
f7f7e90fef1fef08f30d0b131505fb00
09f6f50ff719f004fb090811080ffa02
fcfc02fd0202ff04040405ff0104fc02
02fd00feff00040002fe020201000102
fd03fefdfe0205fefefc02fc02030002
05f50e090cff0d0bf4100301f2ff0c00
fe0a04f000f504f50deafa011f04f60b
120eff08f7031311001906dc0deff214
0af4150907021b20fc1600ddf4ddfcfc
08f8fffdefeb083012140fe0f5e3fff8
17ff0df502fa081d001710d4f8e30103
09f20701090a0418f90e11deffdcfc0b
f1f713f50e06120ff4e914db05e40608
fdf51ffc11fa2a21f8e9fce3f9e30a06
fd0819ff0c0b2b15f9fdfbf4fef6fa13
06f11d0a0bfc0c0903f211f5ff0b0a0b
07f81d11fc01131e0e0508e6f1070e05
09031afcf6080d1e06fffceaf911061f
00020ffef3000f0b1102f2f1f8050b09
04001ef803f4102310fff4e3f0fd07e3
ee071de6ee010a1d13e805d9f6f80ede
dc1713f6f81b16100bfc07d9f50005ef
f40a23eb0af8110409faf0d8f0fb21ea
f10416f90a071105ffffdfdcee0713e8
ed130cfb0b1316fd0b06e0f3e11d03ed
fd1af8fcf91c0bfd0dfbf705d316fff4
f019f9f5f71a07fefaf20b11f11403f5
f6160de9fe07f1fefbe40d11f12019f9
f8f7f913ff12f80bfb0f01080c090700
fcfdf80ff90efd05ff0c000605fef9fd
040301fffdff0301fffefc00fc000400
fffd04fc04000101fffffcfffc00ff02
fdfdfe0204fd00fdfeff04fcfd01fc00
ff0403ffff0102fefc020302fd01fd04
05fa09010703ff03f70002f801ff0705
e3e00c28f50f1508e926faefea02ff1f
e4e0131efa0c19fc0224e6dcd7ef0717
f2eb1018071421080f27e6d7ebe80017
05f42717121911fd0b22e6c821f0ee0e
12fe1c1423070b01020be7e70ffffd0f
060025fa2e0e1909e9ecd7ea041c0017
0bf825f024080e19e8eaf4e6fc050c0a
11f529fb1d0711faf601f2e3eef815fa
15fe2706160618fffd05f2dae8071df9
250335f821eb1210ff0adbd9fd1019fd
08fa33ff3105130ee706cac4fc28120e
fd051d08141bfc01f009e2d202261209
08fe2a08271a04fcef05ead7f02114fd
07f73f01240713fbeee5e4d7f60e23f7
f2fe36ef13fb0bf9f4e8eccff70821ff
0d1525e01befeef8fee7e6e3fd2316fb
020734ef28f407fdf6f7c9d7ec341cfc
fc042bf51aed13fde600cfddde2b1011
0d052af61cf004f5ec03dedeeb261616
08fa09090a030504081ae3ec0315140b
00f110080f0907fe090eebeaff051108
0b0ffbf7fbfbf6fb0ffafffd0d06fd0b
00feff0401fdfc02fdff02fdfd02fe00
0400fe00ffff0202fcff01fffffc0404
01fc0400fcfffd0304fdfc0200fc01fe
01fcfcffffff00fefc020000fcfc0304
fc03ff0303fd03010204fc0102fd04fd
fcfffd0400ff0402ff04fc01fdff0204
0b12f2f9f204f9f60cfa01000f0ffa04
151aefeeecfbeff519f7fd03171ffb18
070208fb1002fdf41e0605f4250e0010
08f9100c110608f3170affee1e08fe0a
04f70a010c03fff11707fff21208000a
06060f010b03fef9100318e43212e40a
100e0df40d09f6ef120b17e3221ed712
05f81a0e160c05f5fe1102d73917e807
08fb1d0d1a080301fd12efe12110fc05
190c07f906f1f0f32309e2da2a1af203
1d051ff41a01efff0bfbd2d92526fb1c
fef81d141d170cfbf10dfbe94c06ed17
04fd2200201103fff703ea053c18fe11
141514e51504eaf807eaf6f31124fb11
020016f91f0a0200e902f5e7ff230414
06020e0513fb05faf806f2e9031c070b
050309fb07fc0703f701eff6fb1bf20c
031212ef14f1fcfff3edeefbf219e911
060d17f912ef0505edfaedfced1afe0e
020908eaf502f4ff02ebfd02fd11f304
01030303ffff0002fcfffd03fefd00fd
fe010102020400fcfefc00fc00fefc02
01fdfefcfc02fc010003fcfffdfd0203
000305fe0001fffc03fefd03fefdfc00
00030004fcff000300000002fd02fe03
fffc040100ff01fd0202000100fc0400
fffffd01fc00fdfffc0004fd03fffe02
0001ff05fdfd0201fe0401fe0000fe03
04fcff0302010001fe04fcfffe0400ff
fe020204fe03fffd01fe000204fc03fd
0204fe03fe00fe0002fcfeff01fd0400
03fe0000fffd03fffdfefefc01000202
010403fd04fefcfcfc04fdfffefcfdfc
00fc00fd02fc0204050003feff0100fd
040000fc01040300fe02fffffe000402
fcfc03ff03fdfffffefc0401fe0102fd
01fefd0c090c01fef80104fc03fcfe10
fffc000a090afefdf80102fd0afe0008
0302fdeffdf40bfdf8fefe02f20204f7
fd01fcf9fffd09fefbfbfbfffa0304f9
fcffff02fe02fdff04020403fc020400
fffefe00030303fefffc03fd04040100
0102fcfe02fc03ff00fdfffd00030302
04fffe0005040003fcfefffffeff0201
fffc0101fc04ff02fc01020204030204
000203fffcfffefe0204ff04fd01feff
00000302fe010003fcfffd0003020204
0201fcfc00010101fb02fdfffffdffff
fcfd000401fdfdfe04000302ff0203fc
fc0002010302fe020104fffefd000303
03fffc04fc04020404fefefffffd0301
020101fcfdff00030004ff04fffefc01
fe03fcfc03ff040404ff02fc00ff0401
fe04fdfdff04fefefe0100fffdfefb03
0100fffefc0000000201fefdfe000002
fe05ff00fcfcfe04fc04000004fdfe02
030301020800fa02fefc07fd0601ff02
0100ff070206fafefffc02fefdfc0401
01fefb0b080bfcfefcfa09fb06fefd01
02faf413030900fef3f508fa0900fc03
00fef6140f100301faf607f90ffefe08
00fefa0d090cfc00f6f607fa08f7fc01
f3fbfa150808fef9fafb09f907f8f909
f3fbf6160b15f800f1fa0aef06f8fe01
04f6f51c0312f4fff1f40aed07f5fdfb
f7f9f91c0412f9ffe3f003ec02f50201
fef8f4ff05f302fb04f8fafaf40dfe09
11f4f315fd040207f9f611fcf2070ff7
12ebf80af305ff11e7edfb01faf905ee
0becf915fb11fb0be9f10bfc01fc02f8
f5fafc150d16f900edf816f310f9e515
f9fefe1c131cf301f3f010ee18f8f10c
f7faf4131727f401eced1df11ff6f612
02f7fc141c1af8fbfaf909fa14f8fb02
01f6f811151104fefcfc0bfa0ffbfcfd
02f5f80b0d0a0003fbf809fe0700fdfb
fefe00fe000402fbffff03fffcfc0400
fdfefffefe00fc00fc01fefc01fefdfe
fefcfc01020004fd0000ff0000fcff00
ff01fcfeff04fc00fd0003fcfefcfffe
02ff01ffff04fdfdff0201030101fdfb
0100fc02fdfffe02ff04fcfe00ff04fc
fd01000400ff0100ff03fffefefbfd00
02fc0214f71b0104eaf61601ecfc17ea
f1f70119fe1ff707e7f615f6f70114f3
fb07fb00ff0601fd0100fdfc0300fd00
fffdf70d050b02fbfef905fc0301f602
f8fcef1e0e1bf8fcf4f813f308fdf206
0ef1f30b11070401ebf50cfe18eee510
0df1f1f907fe1502eaeefd060be7e213
0bf3f9070a011105e2e806010feaee03
fcf9051f0a111b0dd3ef0ef21bf1e20a
fef5fcfe06031615f6e9fdf80ce9e908
f3ede91414f718fd0fe709f8f609011f
fbe6de06150319fafbe203f705fee81c
f6eceb050a0725e902ee13f51216e019
dce3f009010d1ade09f01cfe091ff3ff
e0f1da08110610de0bfd2303140fe10b
e7f3d402020202e9f3ea25040e0fcffe
eee9f009fe09e9e3fffa1cff0818f206
f603fafef902e7eefcf417fe0d04f606
f701faf5f90be6fdefea14fc12f3f70c
fff8fb150e1decf2f5f417f314f4f40e
00fbfb210b19fa07e6ec15f111f5faff
07ff0504fffefe0af3fa010003f7fe01
06f9fe07fafbfffafdfbf800f9fafefe
01fffdfdfe00fffc010304fc0004fe03
ff04040300030202fdfc00fe00ffffff
fefe0002050203fd0404ff030002ff03
010102fefc03fefc04fcff030001fdfc
1812000403ed17090e01ff0ced0d00fe
1008f41ffa1a1006f0001505efff15ee
03f6e22012fcfa01f10c1209f30210f2
f6effdfe090dfb03eff20cfa10f4ef0e
00f9f4080c1407f9ecf814010ef5df0f
efeaef010f1a07eddcee150005f0e218
fcd2ebff0f130f0af6d01801faf3e20c
13e4e70611fc1018eddc0a04fbfeecf8
03ebf3051003141704f00d07f9f9d107
f2e2f4fa1816190afce811060be7fd08
f2eaf0060a001c1809ea110cf2f90ffc
f4dceb210c01101d01ed0cfdec01fff1
d1d7ed1df71f0e16ffe8fff9f8fdf403
daeee211f919170106030a10fc0cf201
dbf3e700f61a22050a020afcfff9d9fd
e7eae9f9fa071d0212000af5f6faeafe
e6f7edfafbff1df10ae91cf7fbf4e1fc
f310050b0a0a06ec07ff14f802f6e0ff
e70a060afc1108f217090cfaf2fdf5f2
e10bffff0100ebeafb0b1604060006fc
e61103f2fffdf0f4e2ff17060efe0601
0622fbfc0a00fa03d8f12ef610f1fb04
0406070b0409e614e8ea13f40eeff8fd
fefc1202fcf5f524f306f505f40cf7f8
00f507fa03fff419fc06f702f70c01fd
0303fcfc0304fcfe0304ff04fe0002ff
fd020301fefc00000102fffbfcfefc01
010507fb03030306040306fcfdfa01ff
131a07ebfaeb141210000511ee0f00ff
ee1a0e0afef30c08191218fde7f60109
f6100e09fe13f7ff0b0d17ed01f5f712
09111aebf9110102081812ee06f4ef1a
110a0feafcfb120bf50ffc08fcf7e90c
0bfd03ef14f60c21fbffff0801fff010
120403f614f8081c0afa0df902fae413
0b02fb0714f10226f7f40d12fd05e1f9
0607190409fc0c1a07f90d160007b704
f9070f0515fb1a1f05f2030cf30ef8fc
fd09061517f8182409f40510f308fcf9
0402f40f0e060e1712f40101f303fb06
f1fedf0e0afc0f100bed0c0bf70c0304
f4fae01506fd1b0b09f30b0cf50f04fd
f60cf10b040013f703f20314f40fecf6
effaec05fc00fefdfae9f90f0201fdfe
f4fa0511fa01fefbf1e8fd0afb07ebf5
ec12290c050e00effe050207fc06dcf2
fa0c10180613fae90003f90bff0ae5fc
00000a15071ce6e80b13000bff00eefc
f8030703f70fe6fc0003fe03030ade09
f605fded0204daffe80002030111ec03
ef08f9ec13f6e3fff909040aff05e2f7
0dfdf3f209edf900f906fe0afc0ee302
0ffef5fcfcf7ef0ffa04110401fef501
07eff301fd13f8fefaf707ee16eaec12
02fefdfc02fefd040103000100020200
0400030403ff0102fffe0100fe00ff02
17120dfdfcfb190206e91604f20bf3fc
f606f4f8f6f10e05060b0016effdf9fa
18fe04f2ef000613f8ee031012f0f30d
020e21f4f5000f12181e0cf5f9f5010e
000715f9fbf7142303060303fefdfc0b
020416f207fdf81c0b02070604f0ea11
0bf80b061701022005f004f816e6e70f
000009151f00092002f902fa07fee502
0dfa081c13f80a11f7ecf606ff09d3ff
0c0505180bed0c15fbe50108fa08ef00
040e0910fcf4081706f504040109ff09
ff0aed12faf50117fbe105fa04000107
fc01e606fcfd0b1201f604fc04fe1100
03ffe809fb011a0b0102fc00fefef3fa
f903ef0602001605fd03fd09ff00e8f2
eb02f00809fbfdf6ff0202020607e6f9
fcfa030a00fdfefefafbf6f709f4c4f8
fbff1305f50a04000008ff040206d4f7
f2040cf8ed07fff9f807090ffe16e9f9
09fe0915fb03f9e9f7040015f507d3ef
0501fb0afe12fbf00306ee12f011cef3
fcfd05ebfa21ece00610e802fd13ce02
0012ffec0a0ce6e8f906ff00090ad605
141cf6e709fce91be80208080c06d30c
0fefe90efc0aeb10f8f91b030cf9edfd
06f0fdfa020ff6f9ff0602fb0ef5ef13
0401ff0104040302fdfcfe02000100ff
faf40dfeff090d1009f5090cf8fefff6
f6f8fd170f12fc050b090ffb00000807
0cf207e5fa00161a08e906f00df41c03
01fc01f805110617fdf9040013e80304
ef0609ff06170224030efb0503f413fd
05000efaf80100220705fb0bfff10608
030217030dfee8160bfc090803ebf30d
080a0b111c02f31801f1fd0208f8e104
1002110517060713fef303ff0bf9e704
0aff081206e90c12feec020005fce3fc
0c06ff1a0ff6050e03f70af7010608ff
0c11021303ff090603f4feff0304fc07
1802f715f0ff0d03fefcf2fafbf5f7fd
10f5eb06f3f8130bff0cf8fcfbfbf903
10f9e702f3e31215fe09faf805f9e4fc
11f9ed07fae41413fe07f6f302f0d9f5
fdfcfafa0ce4111202fffef005f2cdfd
ecedfef6fceb12150401fdf5fef6dd00
ddfb10fbfcea070cff1301ff0603d106
e30018fcf1ed0008101cfbfe020cd602
fef50df0ecffff06110beaf8fbfeec04
f6f8f9f1fa06eafb0506e10afb0eedf7
0c0c04e2f615d9f3110ded060310e704
0502f1ec0217dfee0205f5040110d8fe
0a09f7160cecdd0df90912140111df00
0b0714f409fcf30b0515000ffd15f3fb
0d0010fa0208fb0201010ef80ef8f209
040002000106030104ff02fdfffe0103
fcea17fd001f1c2116f11b09f2ef07f2
07f4fd101409081501fc05f016f91a11
15fe08e20413172005eb03f217e3260a
0211ffe8000a090efdf7050806d00504
f5ffff020118fe0d0205f10ef6e018ef
fcf40800f9f8fe24070000fcfaddf8f7
01f40b080a0fef1606fe0808f9f3eff5
0c0afc0216fef50df500fb0cf606e0f3
0b0d030e1dfafd0600f6fefd05fee9f6
0904011710eb070505f502fcfefdf4f9
0e010a15faf9fafafbf8f6f900fa00fe
1203080bebf101020408fd010002f706
1dfa04fde6f70109f802f3fd06f9fb04
1bf1e7fceff510fcff0af7fcf6fff404
19fad5fc06e10414f90800f4fc04e301
09fce7f809dc1615f705f4f1fcffe1f9
f1f90df508e50c2000fdf2f4fcf9ddf3
eafa0ef608ef0c22fcfc00f202fbd7fe
e2fa1affffe9050f0a12faf7fcfccc05
e6ff19f8ffec02050c1cf8f2ff06db05
f5f40bf015f8fd050a14f4fe030afb02
f8fcf2e51ef9f6ff000deafffb110ffc
f00af4def30ddd000b03f1f5fb010a05
f2040afcf20ac60301f7f7f80df6f502
f3fa02fafcf5d204f6f7060c0304f0f8
000712f51002f6100c1eff11fd18fafc
0dfa0cfc0803f70701ff07f809fff604
0cf9fc02001ee317e5f1f5feeb021be5
0ce707fb0609170dfdf008f109eb16f2
fc0c201e1315f10e060600fd0bf21b0f
040c09ed0626f004feef000706e3140e
100d02e6041701030000fdfe05cb0d0b
07010504030703050911f8fef9e012f5
0a0cff0f11f1f318070b0afc03f5fbfb
03070bff0dfff8180b070e030007f5f2
150b060e2100fc0a00f900f5ff07ea00
0c0d061029fafd00faecf6020608e501
1805030e17eaf90a05ef06f9fef7ed03
07000a1502edee0a02f8fffe04fdf704
13001601ddf4e60d01fe010000f801fd
1b01ffebe3e9ee0902050900fffdfc0a
13f8dbf3f9e8010a0204fcf8f6f3fa01
0702cff905e41014040107f4f7fb03f9
fdf9edf401e50918fbf508fbf7fd0bef
01fc15e8f9e8191bfbfa00f4f3fd07e9
010a24faf9ef132302090bf6f9fa0cff
f4051af7eef51311050f030401070503
eef80bf8fffd0411080eff06f80310f9
f7f6fdfa1001f0fc0916fc00ff001d0b
e9fbfcdafdfffa05070900fcfa021b02
e8ffeacdeffde604f9f400f4f8fb1ff5
ef00f2ebf1f5c7fc0afffdf800f623fa
fd0e01e80ff4dc02050ffe0c080f17fc
1110f3e009f1fb13fe1308150312f703
0100f5f0fff0f909faff0609fa0c19f7
09fe04ff060404070bfa03f40bfe0c00
fbf416000c15140c13f811ea0def1e10
fffc1e04010bee0705f1f60bfef01308
0f031003fffef500fbea090001e10502
fc0a050616130dfa0c0c0cfaf9d80301
14fcfe08ff0005fbfb06f30b02eb0500
0208020d02edf5030d0a070000060ffd
0506090c0ff3eeff0a03fd00ff1704fc
0c0c0c182005f5fd08fa0400fe13ff05
11ff071824f1e4f608fc00fe020aee07
14fc031616e2e80c01ea04f9fcfffb00
0ffe0d1a02fadc0603f8ff07fe090d05
09fa0df4da01e310fff50805fef81107
0a0df6dacefde21704fb0efb00f11306
0807dae2f000f90f0cf814f601e71e04
fd0ddff701ed0e0704fa09f7faef28fe
fd0b0efcfdfb0903fff00601f3fd2df1
0a0b26f9f2fd1d0c0ffd09f8f7f937f8
061020feee011d0412070304ff003d06
f40c10edeb00170b0900000d0707350f
ec0607f5f90bf9110803fe0f13021f09
f0fe05ef030ee105050f05090efc2311
e9fbfcc8fa02fbf7110408fdfdfa1504
f504f4cdf5fff0f1faf90600f8f417f5
f8f6f9e402f4d1fff5fe0a04f30126f6
080dfef91aecfc14fa0f0f17fd1213f5
1707f3fcf7ef0c23f315090cfb0e0fee
10f0fe01020ff518ff0600fd10fc0d10
0af70a03040c030a03fa03f207fc0f07
07fc05fb0d0d060104fc04f903fb1e06
1af7150d141bfe0f02ecfcf809e11cfe
0af613f3f904fb0404e905f9f7d00206
ff09020a1d00f5f30907130703e9f303
1407051609f6efe9f604f70910f4f807
11fffa0afcecf300fcfe07fd08070aff
09fff5160bf4e2fd09fcfe01fe160afe
06ff0b1721f4dcf705fc01010014fffd
08f9fc2532efdbf704f500fd090afb08
15fafc1018f2dc09fff006fe00011103
04fc0205fa0ee60307fa0a0100061400
f50af0ecd613dd00fef3060cfb061003
0705dcd9d719e91108f918f700f61000
090fd8dfec0afb0a04ec19ecfef012f9
0104fb04040906f805ee07f2fbf123f2
12fe1a0606ff0ff800ef07f4f6f024f6
170b2404f80d19f809f9fbfffa022900
09101908f11320f7050001fe07003a0d
02130a00fd0d18000c02030d0e053e0f
e50607fefe09fc0608f50c010d032b0b
f1fef9f60808ea00fbfa050107f32800
f5fff6e10209e1fd01f702f2f8e018fb
f900f4defcf6e1fcf2f609fdf8e617fe
07f1f8f90cf5e703e0fc0404f8fd33f0
08ef0c101be90d0e0311fd13ed0b2cf1
05f3ea06e8e6141cf7020811e70d24e2
0a0b03f9fe000c0e05fd0bfa11fcf60c
05f80b05080c0e0e0ffa08f50bfc0e09
08ef09fc0724ff0ff0f5fef7f3f920ed
0cf71df91f0ceefd1af515ed0fe31618
02ff05e6070ef6020df21bf40ecf120f
0af900f803fbefe00d07190c01e1ef05
1702060b09fbd7e0fe170c0210f8f208
1afa011804f7ddfaf60bfd06041100fe
0afc02180ef1e909f9fd02ff0e10fc04
faf6011619f2e2f3fbfdfdfa1703f20e
0300ed1a2bffddf4f90004f61703fe11
0704ff081b02f1f4fff803fa05fc0c0d
07fef2f1f81d000602f2060406021405
f610e9eaf121e70402fb0d080a0b090e
fa0fe3d5e81bee0402f720fc02070502
0313eee90701f6f7fcef24ed03fcf105
0b030503100e03ee00f60febff00f4fe
0f07151411040ef1fdf9f7f5fd01f701
10011619fc05150200f3fdeff7f70203
0c0a1419fe0b220008f503fafe020d08
050b0a14fe090e0302f7fa0706051403
f1040a18fdfcea0cfaf107f606f4160f
eb06f80b0c02dcf4eff6ffee06f01c03
fdfff8ff0b02e303f7f707e304dd2504
edfaed0704f1f700ecf110f101e23102
fe01e31009da0611cfe91bf7f7ed28ec
f6fd0cee07d30d10f6001309f7011eef
fb12f3f2ecda0e10fdfd241bf41116ed
ffef06fb000b01fd03f71e0002fffbfe
030005ff05fefe0002fc03f905010a03
09fc0cfa0d0cfe0203fd00f809001100
20f70ff41e06ecfe14fa10f319eb0e1d
eefcfbf31707f8fa0402170419e50104
17fa0705f3dde6e3090418fdfee6ca09
0f07060efdfdcceb0715100009f7d406
02fd0e18ffffcbf1fe0f0409fb0af002
fe00031012fff005fd15050b050802fc
fdedf70f2501f6f2fa07fffc16080006
fff5f0121a0c02eaf300fd04080d1502
e9f9ff030a190bf0f902f31206181a03
e50afbf0fa210becfcfcf90f06211f00
ec1500d7e82dfbeefbfefb18001c17fa
eb1c07d3e815f0ee02010a06ff170af5
fe0910ddfbfdf7e804fc1df2f304fd01
06090cfb0e070dfa0f030bf10204f308
010f100d070b1104060003ec01fbea09
0b0f0d0df7ff1304fffb09f2fcfbf306
09090e16000e090b06f206f1f9f7e806
fd0c01170201fe10f9f6fc04f2feeaf8
ef0bfc0ffcfbd508f4fef4fbfdfcf1fc
f514fd130ef9d0feebf600eb13f4f00b
f309050a090ce3f0e8f3fcde11ed0eff
e610fe2105f702efebf210db0ae4050d
f70bfc0606020901d0ea09df11d101f9
e5f7fef101f41201efeb0ffcf8ee18e3
e9f1f0f3fbf1fefff9e6180df2fd19e9
07e302f5fb1400f30bee20000cfef603
070e05fd0302050206120011eb14fff0
05fa06010705f908090003fd0cf90a00
15f014f1161f000b17ef14f11ee21a0b
effb09f21418fbfa00fe140509eee4fd
efee1621fcf1ddd6070b0bfafee7c10c
f90106100909d8e9031a070103f8f907
f1ff060b030cddf9fe18030d02fef303
f5fa040f1dfb05fd0523f210000ffc02
efff0409160c15f6f912f70207130506
f7fcf80b0f1d0ceff10bf807091d19fe
ee0005100c1d10f3f007f30405182606
e90fffeafd1d13e5fc02fe1006251efa
e71704e0e411fce3f6fbfd13fe1c1ef0
e51303d4e4f3eff5f5fa0904fb0c0af8
f4110bdaf0f308f103ff0efefc0dfa06
fe1811f406ff05ff010b11fd0b0ef210
041706fafb0b08fd040d0bfa0e02030e
08100707f60809070514fc03f8faf602
0a0b090cff0bfe0cfffbfc04f7f5e800
f813fd17080de411f3f9fb00faf6d2fd
e91cf8030dffdc01f6fefaf8fffcce03
010a0a130f00e9fef8f4f9ed0ef1de0d
0a0a0e0e0b00f3fadee4fbe710e5ecfe
0109ed201208f9e6e1f301ec0becf10a
fbf3ef13050800e8d4f4ffe80cd303f4
f4f9f1f6fff811f5ece207ecfce008eb
f0eae9e9e4e604fbfae10300f4e706e2
0cf8fdf2f1f00305f2f8f503f6ffebf6
f6fbf50e0a0803fefb0ffd05fb0bfdf7
ff0511000602f4fc0a0406fcfff8070b
09f215ef1116f7061cfa15ef0eef18fd
fbfd17fe0416040306050bf600ecef00
efef152704fdf5e8090ffafaefeaee02
e4fe0c111915f3f4fa1af80408fb0802
feeefb09101307f9fe1cff1202fafefb
f3ef021110001bf9fa16f40c030c0105
f7fe0509131010f3f91e030603100602
ee030e15151606f6f91207fd010a1706
e6060210061d0cfaf711060106101e03
f413fef7090f0af7f6030304090914fb
e81706edf303e8edf1f9f805000302fb
f11503e7e9f0e3faf3f20a03fb06fb04
f8170ddaf7f404f5fe05080ffe12e90c
fe0d14edf2030bfe0010060c0a07f206
021a1204040709ec0418030a0903ff06
07191709030904fa0a0ffc0007f90709
10020c180a04fc08f6f7fef6feeded00
f9130c0c0d11ec11fff700f20ae9d20f
eefc02100503defefceff9f102f7da09
f9fe07090206f6fef7ea03ea0af3dc06
fa02fd17140704f7f2f4fae80af6ed09
00f0f9190d0c03f5effdf9e204f10001
09e8fa12fcfd0ff6f00ae7f1ebf306e0
0807f3f8f9e3fff7f9e9f70309f8f0f3
15e0daefede20700f4e6ed12ef0beae3
0af2fdf7f3f7050afafaf90bfc0000f8
f6faf8070e0b00fdf610fb04fe09f5fd
fa0809fbfd0601f9040809faf6f7010a
06100af709fd0900fe10f710f905eff1
0a1415fc040600fa0107f4fa11eb0208
fefe1711fb060af10e03ecfceeee1100
e9f1f80efd10f7ed0309faf5fded03ff
fcefee07030d0df80915050005ec080d
f8f8fa100a120ffffd1b00040bfa0e04
01f8000d0d0501f7fc1c0e0303fe020e
f6fcfc0d0d13030102170bff05fc0903
ebfbfe180d0a0701061806f5fcfd0b04
f40dfe031203fcf9fb12fffc05020e02
ef0ff9ef0501ddefeefff305fd060a01
01200fe5faf5e8f5f0f90811030de703
ff1a1ed2f8fef5f9071012190c13e010
fd0b1cddf9020bfd080f000e0b00ee09
031109eefe0614ed0113f70f05ffec01
090514060a06f7f3090af8f90eeefc0f
fff80b130708ed0703f403f202effb08
eff60a05050bec0103f309f10cf4dd0d
eff00d070208e40201eb0aec06ede212
ecea0905020ff50005f800ef0b04fe0c
e8030b051010fc020908fee70df7e210
eff104fd0b0efd020410f5eb00f8f201
10e7f5f7f4fe0a04f0f5f003e2feefd4
1600e5ff02ef02fdf0eaf813060f01f3
06ee07ed01e7fff6f7f9da14fa02e2fb
09f6ffe5f6e91502f4f9f00ffe01efee
08040af8050cfe0607fc06fc02f6f40b
fe050af4fd0f10fa06040bfbfef5f407
0616f7f4f4f01aedfdfefc08fef1f0f8
0b09f6f00206ffecfb07f30301f9f6f8
14f805f4fa0afbea08f9f4f3f9f50bfb
f4e8f20cfb0cffe70406fdf4ffe80806
f101fd07fef812f50c0f0a0016e9f310
e9ff040af81107fe080c02f713e6f50b
e8fafb120a0ef4fd06140aea14e0f714
e2fafe08060e040a020e13ee0ce5fb0d
effdf5060b0d0604060f0af202eff90b
0201f3110305f000f603f9f103fbf705
08060af801fdebfdf5fcf20704fdf6fe
001719dbf200f6f2010405130201df0d
ff1020d4fc06f5f40612fd180704e506
eeff16e90c0afff50b16f80a0303effc
fa0007fa16fb06f1040ef90106f2ea01
fdea070407fdf5fe05feffff16e9f706
edee0b0dfb0bedf014fd04f207f1fd0c
f0e30e070614f3f20ff60bf40af2f905
fbf0070d0608eafd0af701f001e80104
f5e911fa010dfe09fc00f80603010201
f5f1ef09ff04fd01f80503ff00f7ea03
fd00f6fcfcfa0200eb02fbfcfdfcf6f8
0ffefc02f8040df6eff8fd07f00fedea
0ef4e70711f0f9ecdfe7f81f0c1d02f1
07e1dee3e9db03f5efdbe524f7f0e3ee
11f2f9e2eeeb1607e5f3ee13eb0007df
01ff0303fd02ff03fefefd0100fc0000
f90c0df1f30a08f0090708f9f4fbf50c
ff0ceeec07ff11ef0204f9000ae2f5ff
fef7e7ee0af707eefe05000cfa0bdbf0
0ef8f1e8fc10f9fa07ecfa04f408f8f7
ecefec0ef704f8f2fc02fe02f9f70dff
defded06f90101ebfd0c040104f4ff01
cd0301ffe610fdf3081105f50deaf60b
cb01f30f0a09fa04ff0705ef0fe4f511
e602ed060c03f70d030200ef0bea0a0d
04fbe8100302fa0006fcf8eb04f50704
0bf7ee13fb0bfd08fff2f7f6fafcfc01
0ef9fb01e4fbf400efe8f300feecf4fd
06fa09e2e6fffaee03fb000b06f9ef08
fcf90fe50607faf20c1200070706f40b
f6ed0cf80ef9fdf00f16fbfd02000907
f8eefe0611faf6ff0d05fd0205fafc01
f5e5fb12fffff4fb11f804f70ef4f205
f9e606130109f7e80dfc02020cef0108
f3e6fd07f904ffe807f50b0900f9f903
05ecf60c090afaf904fc080200f70901
f0f504fafa18ef00fafbff0c0906ecfe
f0f8f208080efbf0f4fff705fe01f301
f1ff0102fb0309fbeef70800faf8faf4
02040b04100b15f9edf807ff0d09fbf2
1dfcfaff06f41d05d3eef7f710f8f9ff
11f5fef3f9f50a08e9e9f2fe09e6f7f9
28fbfef4eefe1a17e6f6da12ec0914e0
07efeefe030c160708ed12e80aee1007
01fe03eb00fe0400fe0406fcf4f90209
f400fffc070009f50a030ef3feea1004
f9e1f70a0a0010f703fe0015f713d5fb
f0f8e3070e07f0f403f3fb160015f7f8
edfadb03fe0203ff0103010bfd08fef2
d806e00df1fa04fefffd030202fffdfb
cb00eb07ecff0402faf706ef09e80205
d3f7dd0507090706fef2f8f203e807ff
f100e00e080a01fffafaf1f8fbf407f7
14f5da1cfafcfd09f8eef6edfcef01fa
08fdf115e8030103f7f3f2fbf2f30afb
05edf60bd80ef8fbefecf0fffbec1004
02eff1f1fb09f8f20a01000707fd0412
fce8fef11907fef5151bf8020107f508
06d802f30c0502fe110cfb0301fef503
ffedfd0d020301050d0af60507020300
fee4fc1bfa0101000e0105fe0901000c
feecf216fa0e00f309f1fe0103f7f4fe
f4eef20af1020eec0ffb0907faff02ff
0203ed0df8fe03f70e000f0201030e05
f3fafe05fa0f06f908faff0400faf405
f8f3f6fff4f716f5f8fcfd01f6f6f9fc
eff800fdeff61b02eaec040af7fbfaf1
fff8e80402f51efeedf0fc0e0114ede2
0beef90708fd24fbf9f20102ff17edf6
100918e1f803170efcfc00f617f00003
1e0708e7f7ee190a0a16dc18021800f2
f70a0d04000207f204000604f508fe00
13f2fef6fc150d070af50eee00ec1bf4
efee1808ee04fef500ff0100fdec19fc
fce3152c040bfdf008eef20ef201ebf8
f9f8f60c0205f6fefff7fe14000cf6fd
e4f5f102f00b03f9f6f7fc08fd0bfbf5
d8f6f310000502f8fcec06fbfe0e0600
dff6ec02eefb0d01faddf4f101f4fdfd
e6fad70706020a1107e9fcfa00f503fa
f8fbe40a09130c0500edf7fcfc02f9f7
1cf4da14f60a070af6e1fbf700fef0f5
13e6e91ced1202f8f3e5eff5fdfaeffc
0fe1da17f01605fbf1dcf4f0f7f0f8fe
0bebe4ed071b0dfafffafd08fc01f801
00eaecea2018fd060d12fa0009fff301
10f504f61405ff04101e0202fe0601fc
10f60807f40201071618fb0fff190500
07f3fa10f00a03040603010f030907f6
05fdef15f7fdff040700f90df20a01f6
fd03ee09f5f50afc0efa0603f9fe09ff
fb05ef10f2f90ef105f2fe03f6f9fdfe
edfdf808f9fe11f000fef800f9fef300
f0fbedfdf9dd14edeff30400fefff0fc
f3ffe8fcf7e213fae3ec080efd12fdeb
01f0de1d01f80ef100f409f9ef16fcdb
06fbf80c02e81cea0f010c16ea28eff1
19f6fddff4ed120cf6fbe51ffefeebf2
131209effdf60c00141ae709ef0101f8
05fdfe04fffffffdfb01fc04fcfc04ff
fcfb0bfc010df70bfafaf6faf8f907f4
f3001707faf50310ebfcf00514ecfff5
f7e21c1cfe000b05fee9e50ff6feccf0
f1010422fbfbf2f8faebf20bf1f9e3ea
e1f4f311fbfcf504f0f2fd030304f502
eaf7fe02f3f20101f7ed0104fb0c09f5
eefef4f3f9fa0610f5dbfff9000401f4
f2fcebf705fa0911fbe9fd08f206ffed
fffaf211051508fbfaecf9fef507fdf4
15fdf608ea100506f5eb03f60103f5f4
1ffae90fec0c05ffeaeeedfbf70001ef
24f7e006011c09ffeee1f4f9f6f6f4f9
13ece5f10a14010bfbf5fefffafcf7f4
0bfbf1f91612f9fe141506fd00f7ef03
0f00fb0416fdf90c0b190503030df203
10fe031301fbf9031321f811f71b01ff
08f30611fc00fd05111e0013ed1305f2
04fdfc09fe0004fd0c10fb14ea12fcf5
0104f70af9f60a010afc030ee90a04f5
0e0201f9efff0ffafef2010bed0000fe
fc0407fdf9f107f0ff09030bf504f301
ec04f2fff4d804f4f7ff080ff513faff
fffcec01f5dc04f8eefb0618f41a02f4
0df4dd16edf9ffeff9f20dfff90dffec
12eee61a13e7fee805060915f618f1f7
17fd08d2f3e51405f6faeb1cfb01edf9
fd0007fe07fd02f704080606f70404ff
0e090dff02fd08f10209ff0eee0800ff
020613eef2140c0bfbfb01fd01f5fcfc
fe0820d7f9ef1c21effef70712e0e6f0
fc082bf5fa001308edf9e90dfcffcbee
f80a1416fde5fbf3faf6f40dfafcdbf4
f80f0e1607f0f4fb010bf9020108f206
ef0d19fdfdf7040dfdf40b0ffa11f9fa
ed1008ee02fdff06f6f10a0bfd0ff7f6
f00f11f9070602fbfcfefd0c0a08fefc
ff0f08ff06050001f1f902060d0507fd
12060e02f1060406f3f3fcf903fe00f6
0b0e0607ed10fd02f6f703f90afe00fa
1204f502fe0e0104fefdfef7090101fd
1102f6f10e02fb06fafe04fe06030001
130bfbf618f8f9ff0115080201fef9fe
1307fe071200f4f9031d0003ff07f7fb
0dfb07160806f7f80c120500f903f9ff
03fb0b070903f4020714080dfc0701fe
0608020d030406fa0c11020ff40c09fb
13ff0102f6fc0a000dff070cef0608ff
1309fd04fdf901ea0a0d010eec010202
fa06fefe03e503ed0512040ee911f001
eb09f0fafdecfe08f1fef819fc0ffffb
0ff6e3faf9f00108deecec20ff0a06eb
15fa001701ed01f1eef6fc0cf70f13f3
08eb061313e203ff00fefc1be51beee9
13ee0304f714e51ae6f4e722e40405e6
03020102fb03ffff0101fb0100000002
060b0eff00010bf10606f90df40704fa
030b0dfd01fd11fa0c0200faf3040300
02fc0edefcee2520faebfdff09e4e4fa
04060ef70bf903f1f2f6f313f5f2d5e4
f6060e0e10ef01f8f6ff0118010aec00
fe142209fbf50dfc01fdf909f502fefc
03131eedfcf10612f8fbfb0a030902f9
fe1612ea06ff0712f6f103060d0503fd
f50e12f20a0e03fcf6faf203080002fd
02040df3ff10f208eb00fb050dff0df8
f80e0aeef50cfc08f2f9f8fe0dfe07fc
050b06faf20bfd09f6f9f8020a0504fd
030afcfefb10fd07faf6fcff12010c00
0d0bff040206fe03fbf8fc03070304fd
1d04f8030bf5fe03fa07fc04fd04fdfe
13fe040e0f0af7f7050e0201fbfc02fe
02fd061a0f00f1f503120302f706fffb
fd01080e0bfef700110f0309f00807ff
0e060a1008fb00fd0f18060ff1080c01
0207170108ff0af90c15fd11f40802fd
0b1101fffbed04f00a150615f00df204
0505fbf8fef4f3e6fe12fe19ff09f608
fbfeedf7edf6f900f3f4f312f9fa00fe
1900e6fcfcf4f906d7eff121fe0b18f1
10fefe0afdec0a06e3ffec12020d1afb
01060e1805e6f7f8f9fffa09f80ce904
f40d0914121dedecedfa0415ea0c0ce6
03010401fc06feff00fefffdfa00fe01
0204010203ff0300fc0001fffe0102fe
030300fd03fefe0103fcfffdfe050304
f8f815fafb0a0afc01e20613f103ffed
ece8fb110df6fae8f7f7fd1aecfbe1e3
f7f8050619f2f401f8f40519fd11f8eb
fcfb19150bf1fa05fbf1fb01fd0507ff
fa0524040000010efcf8eefa03000509
f70c23e9f20b0d13f7f5f6f80d00040d
f90e02e706fd0200e8eeed0909060a00
fb0403e0050d0200f1f3f30afd0105f7
f700fce9f50d030df5f6e900fb0106f1
0bfbf7f1e70a0107fdf7eb05050202fd
1a04ef03f90efe05fbf6fa0f05090afa
150afc08fafeff02fbf9000efcff07fb
0ff7f7120b05fbfdf705f402f7020df4
14fcfc1706fcfffc0b150305f702fff7
07fafe1612f2f7020918050ef604fdfc
0cfb07170df3f801080a030def0b09fa
0509100706e6fc030a12ff0dfa030509
060f0b0a08eff3fd041407120a01fe07
0b0df20005eaf4f1010c0c180005070e
0206e80400fffdf8010df7160408fc08
1306e0f8f8f4040df101fa16ff0701fd
130cf90208e80d15ef07f419fe1217f7
07f8fb0df9e70706ebf6f50cfd0d1ffc
fa13100f0ae5fdfbfafcfb05f60af5f6
f70d0e10110203e1010df712e81601e7
040401ff0200fcfefefcfdfc04fffdff
fe0202fd00fd0204ff01ff0104030400
fffcfdfcfdfe04fffc040203010000ff
00fa160e0b090f0e14f208110302ff08
eae71710ff1bfff90cf40d0af1fc0602
00f113050fe2110b0be203f4f9fcea0a
fbed0e1410f50e1906f2ffe804faf611
e3031b0504f20d0302fbfaed0dfedf13
ce0110f9ebeb05f5fb01f3ea0af9fb10
d703fdf0e6e6fdf3f5f9f40701070d05
e0fffbf2f5e7fdfdf7fef709f8140efe
eb06faf4f7e914020c02fe01f6081704
f40af8eefaf810061805020a020cff08
f4fceefef8f304060102ff11f91004fa
f4f6f906fbf0020c0104f70bf70007fa
fff2f801f7040a04fefbed10f900fef3
0bf5f70ffdfb0dff0104fb07fbfdeeff
f4f00211060a0000030809060afffc04
f6df0a1106fa13f7030cf70df4060ef2
0b02040802f1040def0ffd19f917fef8
0d0cf30814f5f615fd140a1104060608
f70bed1a0df5ea08100a09010008010b
ff02e809f30bfd0c0d10f011f6101401
fa0ff913f605fbf60211e50ef8100805
0b09f21af7ec02f80a17f300f40f1605
1ae4ea01f1f70b06f5f4ef19f31a1aec
17fc05f0f5000bf6fafaef01ff0af3f9
1301fdfdfef405f3f601f306f50d01fc
fffc01fe02040104fe03020102fe03fd
02fe04fcfd02040001fc0403fefffcfd
fc00000300fe01ffff04ff01fdfcfdfe
fd02fc11f7ff00ee0109f200fb02fd06
faf4f508080401fdfb11020106080efc
f9f93006110126f818fcf9f310eafb12
eff93210f6fc30ef19effee500e3f718
eff2fe0af6ff1ef9fff8fee9fdeaeeff
f0f7fafff1de2202faf50bf2fdf8f300
dafd07feefd62a08180710f4effee305
d0050008f4dd21081c090bf9ee07f404
caf900e9dee6110e0ef00af50ceb0813
d4fc0bf3e8f61a0c09f604eb12ed0815
ea0016ece8eb1e09170f2101f405f400
eefd0bfbfbeb070a0e161207fa08f5f5
1005f3f913e30b0d0d110f010cfdd706
01f3e5f811eb010cfd090a070005ecf7
01d6f2f204f9f207fcf91503060701f7
0eebf8ec0df0fb0af5071308080b0bfd
07fc080915eff606011a07070b03ff07
fefbee1203f2e3ff0a0c21faf5f9effb
fdfbd91806ebec0d060209fbf80af807
fafddb3022f5f7060819fb09f80c1803
f0faff252107f5e5f727ed0fea0c10f1
f2f5ff2314f3e8f7fe20e616ea1d15f5
fcedf31b09f5ebfa010e0318ee1f18eb
0df5fbfefefa0bf7f9fdf7fe050404fe
09f802f6fe000811faf9f507ff0a04fa
fcfefd0003fd03fffe0303fe02ff0000
03fcfcfefffd01ff0401020002fc04fd
000301fcff00fd04fdff04fdfdff0000
fffcfe00fe02fffc03fd04fffeff0404
fcf8f604fef008050204fdfafd03f604
f318030506e00ce1e801f5f9f7fcd415
ef140a01eff20cdff206f6edfce6db1c
f70b16f6e7f314df0500fee105e3e422
06010cf7e7d5270312e518f30801e117
09fdfc03f4ea242111ec26ee10e9f218
05fef91000ea1b131b0b21e00fe9051e
f6f100f0f5ea25121af91de300e3f018
02f5fbe9fcef151002f01be0f1e4f500
12f1f8f9feef080efffa16e6f8e20a00
06e600fe06f21a1d10ea26d50cddeb10
08fffb0306d21e1e19ef22cf0fedcb21
f7f6fc0206de0c09150c11f0fa04f208
01ebf505ffec101613fa1d00f8040209
11e9f40303e90a0710fe38f306f7fc11
23eff40b09dc050c05f42ef902f9f006
28dbe90c08f504140ce72df0f9e302fa
23e3e42a07e20f1010f127f700f40805
16f7ed1206e4fb0c120819f810ed0619
10fbfe05030102ff0ff518f111e41318
1600fa0df2f8050207000cf20df3fa12
02060814f0ee02000ded0def0af9f216
03f60bfd0304030d0efc02010efc13ff
03ff02000001fc020202010102fefcfc
02feff020103fdfc02fe01fefcfe02fe
04ff04ffff03ff01fdfd040004020104
0104fcfe03fe04010204fc0102ff03fe
040303fe01fffc0002fffc02fefeff01
00fd00fe02fd0404fdfc04fc0404ff00
08f709fd1019080f0ff608fe0e0015f8
07f415fd222705161bf615fc1afd21fa
12eef90106f1020b07f409fc05f70e0b
06ecf804f9f3061202f00b00fbf1f60c
07ebf6fdfaf5090c05f01101fdf6020a
09f2fef60bf5fd1008f709f305f61606
04e9faf419f014150ff017e50aec1c10
0cf3f2ed04e3090303ec0ef90001fc09
15f0efebf5eb0f03fded14f4fff8040d
14e303f00d02111309e316f60af21703
30e3e6e2fcec140a0ddc24df0ce70318
1bf5ee08f5e70311fefc0506040fe320
16f4f008f8f0010e0bf312eb0bfff912
1fe903ec15f7f81417e914cc10e60d18
22f6f60319eeed0610ea11da19f5f512
18f0f81205f2fe080ff510ec15f3ef1e
04fef60814fffc07100402e515f00214
fff4fcf41616030418f716f31fec091a
fff5f6f90c2304f911ff10ee19ed121d
fef500f20815ff020b090ef80eff160a
0405fe020204050500fefe0001000100
0004fd04020403000301fefd0304fd01
0200000403fe0304fc040104fdff04ff
fc04fb00fffc02fc04fe00010001fbfe
030102fd03fd01fe0400fc02fffc0000
03fefc03fdfd0203fe0201fcfefefe00
01fe0003fcfc00fe02fc04fd01fc0204
03fcfefd05fbfcfe000401fb03fffffe
fe0102fd02020402fc03fe04fc03ff03
fe0201fefefc03000100fcfdff010403
fefb0404fffcff0504030203000102fd
04fe03fcfd01ffff0303030200fc0404
01fcfcffff020100fffc0302ff02ff00
0401fefc0100fe000201010404040301
ff02fefcfd03ff0000040403fe010200
02fd020103fffcfdfdff02040503fd03
0bfb00fe0ef30404fe0001fafcfe03fe
0af702ff0df40503fc0101f6eefa04fd
0df1fe14fc0f04f40c0a0dfef0f8fdfe
04fe0201020c03fb01040700fd030102
fc0504fe00ff0303ff00fe04fffefcff
03fd04fefffc030201fd03fcfcfd03ff
01fdfdfc0003fc02ff02000400fc0203
00fffdfe040203fffefdfe0102fffe02
0101fffefe00040104fdfdfffffe02fd
fc0300fe0301fc03fc0203010001fe02
fc03ff01fe0003fefdfc01fe05fefe02
01fcfdfdff03ffff0000ff00fd050200
fc04fe04fcfdfe00ff03030002000004
0001010403fd03fd030400fcfe030002
fdff02ff0004fe0103fcfcfdfcff0504
04fd00fffd0001ff02fe04fe0104feff
00fe0103fc0002fefffc0301fcff01ff
00ff04fe0304ff020102fcfffcfefeff
fdfdfefd04fcfd010201fefc02fd0401
02fefb00fe0100fffc04fd030302fd01
00fffc04040202fcfc0204ff020006fd
04fafd0604fefef9fa01fef905010300
0af4030909f806f8f90603ef03f60c00
0cf5fe0805fb08f5fc02feee0af50efc
09f1010a09fe0e07f80403fe06f40afd
09fcfd0805f90f01fa0300f606fd05f8
0afe04040bf50900f70101e1fdfc09f9
1004030811fa1304f80af6f1f2f013f8
1506010912f0100af904f2dbf1f616f8
0f05ff0019f60a09fcfeffccf7f324f8
f912fff5f706ec0304fffee51a081e06
13c6ff050705f5fc020f04ed08ec1af7
17ca000e0a041c0c121010e5eaf10cf3
1bf0ff0c0af51a0a070705dff2f713f0
1bfefd0522e20b04f001f5dffdeb12f7
1beeff1126e816faea03f2f0ecea0cf2
17ea04162fdd1bf7ea0aece8e8ec13eb
06fe020318e40a01fa05f2edfdf702f4
0bfbfd090aec0cfbf905fff907f90af4
0802fd0603f908f5fd0403fe07f50af8
01ffff01fdfffc0104fe01fcfd000400
fd00ff010301fc0203fc0401fc00fd00
01ff0200fd00fe0000fcfdfffdff0404
fdfc0202040303fffeff010101fcfd01
fefc040404fdfd04fe03fd02fd03fc01
ff01ff010200020401020200fefd03fc
0101fe040800fdffff010307fe0401fe
13f401effd13ee101104fbf3f6f101ff
15f602fa0714ff130f03fcf4f5ea06fa
06f1fe0602fa01000203fff2fb010205
0df4000604f70800000201e9fe010b00
12f7fd0c13fc08faf903f9e201f919fe
1ff4fd19f8e71feefb09fafff90d1b00
1f05032cf3f41ee4fd09fb11ee191307
1a020225fbfa1be4f40eff13f20b1910
29ea02190aec21f6f7060207ee0e290c
0bf8001006fb21faf4071720fd1b0f01
0308fefbf9eff0e2f2051b211809090d
1304010d10f305e7f8020a0a04172bfe
19e1020d06e8fad8f50f02040f052ffd
0be80003fbebf2d9f515ffef17f106f9
f4f8020701ecf8e7f11cf7d417000ff3
fef4ff0d02d5f7f5fc17f4d60efe30fa
020300fd06cbf3e7ef06e8f118effdf3
0403030917daffe5ea03f2f50801f301
1013031844d710f1f001faf2f50dfafc
190efd182ecf16fce6f8f2fdecfffe01
1bf1041719ed0eefec04fef7faf5f9fb
02f5ff1411fd0ff50105fd06f40700fb
0903020a0d0a03fb01010606fd09fefc
fffdfe03fd0402fc040303fefe0101ff
0302fc03fffe02fb0002ff04fd010403
fdff02000404fdfcfdfcfe0300fffc02
fd0000fefdfb040203ff010103fefd03
f4fc0101f4feede7020f0b1915eef20f
12f003f3fb17e20d130cfa0d03ebf703
0ee20106fe01f4080c16ed0418ec0b03
18f60204edeb18fcf8f603fee21219f7
22f1fc0de3e313f3fbfa0004f9101ffd
24f70103e4d914f0faf7fc0f09140df8
21f90104ecf30aeefef90011230107f4
0afafc07eef503f90714000319f0200d
fef400f5f2f20d0504090d0619040df8
0bf90201eef123f7ff09141cff10fce9
0cfafd06eeff0aebf4151b1a0b03ede4
1410ff0707f30f06fa17200afff5fee1
1415fdfcfbe11312fbfa18e6f50100d3
1014fff0f0e40c0b010809e307040dce
1519fffcfcdc0b09fd0c08ec0efc17dd
041700faf0e4fd0dfe1705e907f4fff8
f509fe03f2dcf904f52009cf08f703fe
020b0205f9d9faf9e704f6ef02fe13f8
010ffbe8f2e7f713f5f2f0eb09edf3eb
f805fd01eefa02130204edeaef00ecf1
ef000200f3fb07090409f103e400e50d
f6000300ffe80f17040cfc1bfe0ced1a
fafe0304fbef0504fe06001e0a03fb00
fffc02f2e80cf905150f03010ff5feee
03e900faee03f8041402fbf615f503e6
03fc0003fd0103fefe0202fbfcfffeff
fbfcfcfd0001fc00fefcfdfc0100ff01
0201ff020400020000fe0904050504fe
f1edfd00f5ebf2e6fb0f191518f1ee15
fcee03fefa01e0fcffff041f1af9ef03
16edfc060af600fff9f70127f8010b01
18e9fc0107e206f2f4f9fa22ea1e18e8
12f3ff0a08cd09e6ff050113eb180be2
0b10030308d10c00fd080901001c05f7
240e01f916c406f7f706081a121315fd
130dfcf304d90406fa18060c0cfe1d16
0f01fc0d0cd217f2f111130f11130eff
10040304fee709f4f81411100d0af8ff
030901f903e90af3f70e20050a14e8f0
0817fef8fce3fff3fd031f0f0210e1db
041200f9fbe80405060e1cfd0010f7e1
fb06ffedf1f40006051115f90a06f0de
fd0cfcf1f3e00b0bff0d0feb02ff11ef
f10ffffcf0e10c0e0d0809defbfe0f00
dd11fc03e9da05090a1312d507f70403
011c02fff7d40101fc08ffcc05fd110a
fc1efff500e0fd05fef8fcdcfd01fc09
e80e00e6fff4f310f5ecede40bfaf608
df12fce7fae9fb09fcf5f2e3f706e812
e404fff7e9eefa09ff0cd9f3f9fee702
f0f204eef7fdf9221801e6081905f9eb
04f903f0ed07f8181f00f606110105e6
07dffcf001f701180c0bf7f515ff18f8
1005040519e81619f7f2e9fc00130df2
fd01fd00000000fc02fc0101fefc0002
000004ff0200fd02fcfd0002ff030302
fbd7fc13e5def7e5ee1515040bfb040f
05effd0902fb01f6fd16fb151108e5f0
15f3fc0bfeeb18f6ebfe0523eb1216e6
fffe03fd0cecece5eff7ee1b03f61707
010bfcfe02d9f5efeeffff0dfc070ef3
100102ed0ee608fef7000413080f0af6
090905ed13e0ff01f6eaf805fcff250e
ff07fff205d5f504eff5f6fffdf90808
0304fff500c80c05f603fe0af006f5f8
faf8fdee00cd040803080306fd05f500
f8fdfbf700c405060002010f000a03fc
fd060104feba03070e000b10fd0400e9
f30703fbf5cf08100fff050bff04fbe8
f6fcfbf5f7e0020608000d0f0203f8ef
fdfc03f4ecde05050cfe04fe02040ae7
f903ff04f1d8060c1502fff40d0809f4
e80cfe11f0df0200130601e606000206
f30f0010f7dc0e06070b08c70b090302
f70c0405efdf0705081407bf090afa07
f30afef601e7fbfdfe1b00d4fd040705
f60101e3f9eefafffd08fae3fefdfc06
feeffee7f6e9fdf1e8f7fbebff12faf9
fae301f2fee1fe01f0fbe90f070c00ff
09da03f007ea0f211400f9fef20e0100
19defef90aed0b140512ebe42a0111e5
09f503010beb100eeeefe8fd061203f0
fc0404040302fd040303fd0003fdfe02
0bf7fff0f70009f2f9f810fe03fe02f0
fb14fe0cf10cf50406f903091cf3fff4
0a04fcff101901e7eeecf416fd040bf0
07fe04fafdf20cf9e8e0f01cf40412ec
ed0bfbeee8f1f50ff3e1ec06eef30af4
f50501ec04f603ffecf1f50ef4ff0bf2
00f605eb0ef30506f2f4ef04f90108fe
f5fbfee00ff3020ff8f3f2f8f2040c09
f7ea03e908ed0a0604f4f805f80e0100
f8f8fffffae104fe0505fe0bfdfcf9ef
ef02ff03fee4f7fc050bfd0a03fa06f9
ef0a000700d0fafd020af90202000ffe
f80302f7fedbfd030c040a07fbfbfcfc
fcf802ff01e101060efd0b030708f5fe
06e7fcfe01db090914000d09050cfe0d
0aec00ff08e4000e10ff130e0a050103
100001090becfd0a0a0211f513040908
0d020210fdedfe010c0810df19fb020b
f607fb0aede404050a07fcbe13020403
f707fe07eee1fa070006f3c31afd090b
ff07fff70ff3fc0307fbeed002f0fc1b
f30effe800fafd110bfdebdc0bfaf60f
f7fffcdf01ed0413fff8f4020e0b0f06
e3de00e9e5f50000feffeb020f1006fd
05c5fd08e8f8fe010c0d0df50c01f909
01df04e2fefafcfa0006f1ec1ffefaf8
10f0fced08f50bf7eefcedf00c111008
0101fd020705fd00fd00faff01fb0601
24eb04f2f41315dfe7ee171809fc0cf1
f720000a091df3fe0af0f7f809f00bfa
051b02e0182004f300ecf01ef5001807
0102feed01fa1bf1f7de032cf00f11fd
ecf602e2e7fb0b0df6e50104f309f9fd
f90404e8040d0504f7ea00050404fef0
060001d9fd0101fff6f3f7f8fef60af2
f1f000dffa090a01ff0104f5f50602f5
f1f601ea0601060502fafaf700f802fd
ecfdfefbfbf3fc050108fffd06f6fdfc
f506fd0af3f1fd050701ff0103fefd05
fb120000f9fff8fa0807ffff1002fb06
0311ff02060803fe100507010008f602
09ffff0203f7f9fe01040c121204f905
14f201020cf3fd0d0d0d11190d070907
0af9fc070801f1070b0c0a140bf6fb09
000102020102fd100801010308f501ff
0913010404f5010c0f0f0ae60fef1607
f70e03f4f9f2ff0b0a0301c512fa070f
f207faf7f5f8fe03fe03fab907fd000c
010703fafeff01040a07f4b105fc020d
fa0202f1fa030112110ef1cf01fafa06
ee0200ddf903021c0d01f2f10cf40e16
eaf9fffce2fe101e0bf504f10e03f718
f0f4000be6ff0c110c000df103fdf30a
06edfbd404fafdf8f8fb04f01508eb04
01ed02e706f503f5f601f4eb03050efb
e91e04e41a1515161905e504e1e814eb
190efd0e0413f9e90a05fbf400f709fb
f72a03011709fe1508ebf205f9f603f7
f80800ef1d03101703f8040ef6020809
07e904f30ffb22f5f9e90826f4110d09
02f503d3fa030805f9e5faf8f801fd0c
fafdfdd50d100214fefbfdef01ff0e0d
05f003d30707060afdf5f4f301fd1a04
0200fdeb0506fe0bfa00fae8f9fb0aff
f801fbfb08050412fdfcf7f6f3ee0702
0908fefa0a1005000afcfd03fffafc08
0408fe05fc1cfffe0cfff4ef13fbf505
0113fd070416f9051103eaf710fffb07
090afb07110f0c0d0d04f70f1201fa0b
1509fdff140bfc04fe04f82813f5fc08
13fd02fa1310f60a0103fa3c12f100fb
0af803061018fc15020b0b3206f6fcf1
fd040005051a04030309140e05fcfdf3
fb14fc080c0903100c0319da09fe04fa
0b04fbffff0205fd080617bd0a04ff01
010e01f6f8090905050500ac07f508f0
0304fff9f7fa0809040a01a90506fff6
10fefce4f20707030c0c07d312fd00fb
f704fee5e816000d1d0d03e508f4091c
eff803f9ee1cf71e2100faeb27f5f02b
fcf602f4010afd2112f8f9e90c06e91c
0ef502e30cf602120807ff01020a0810
00eefdf8f30bf507101505fd07fd0af9
080cfdfa0a05fbfd05fbfd0504fb0704
0d0902f00e13e1f108f6f1f407f30601
fefd00f809080c0f06f406eff602f108
0bfbff0d1b08120c07040c01fe050712
14f9fdeaff0601edf8ebfd0d11f917f8
070cfdd807040afafaf3f50ef7080602
09f9fce80a0dff0bf509fdfa03fd0804
10f501eb00030301f300faf0f2fe03fd
10fc00edff060105f506fbe4f9fb02fa
0c050202040afe0ff605f2ea07fafef9
1309fe060929ffff0308f3e801fdf504
0907fc090127f5030802eae615fdef10
0600ff0f0a36f80a0ffdeffe0af8f907
0c06fe0c0b34060e0effec1b0ef6fe10
0dfe03000d2f060bfdfce43d0cf8080f
0aed03fe1128f9fef501f04e09fffb05
fcebfdf8181ff909f907053c07fff6e5
f309fd041617fd000005150e07fefeeb
eb17ff050e14fef90a0017cc05fffbf3
ff1ffe030c0a1304040212aff608f3f3
0b17fdf80c0418110afb109cf306ffeb
100efbfafef80c0f06fb07adfd0306f6
1f0303e5ea0d06f907061acd12fd0706
141202cbe5030e071a070cf9f6ff0912
fb07fce4f915eb191a03e1010be9f821
0aed00c9000af820250cf8031cf8f211
0fe4ffe5f9fef8021b1000fdf401ff06
17ed00e31111e8eff2ec08fb09e7fd08
080700f80807fcfd0bfdff0905ff0703
031202fa0a08f3fa03faf9fb06f60504
ef0bfef51a1df20104efefe8f6ef0502
04fd030c150b1101fff60d14fc01f601
110901fd0cfbfb04f6f600f90bf214fa
0c0600fe0a0311030803f503f70108fd
0df1fbfe10120004fc050500f9fb0107
19f8ffee0d0b0408fe04f9f1f903fcfd
16fb03fbfc09fc04fd04fbdbfffaf903
19f9fb060518f50c01faede803f2fff8
11f80006fd20f8030402f3f910fd0a03
0502000d022cf8020e05f30510fe0103
fc060313f92cfd070dfef20d10fff10c
fbfffe0e0838ff0708f8e02712f3ff0b
f8effffa0833010ffd0ae63c09f9f711
edc9ffec0831f303ec00f741fef5f70c
f0dafce91222f7fff4011027f6f601f8
e511fbec0f03000003fd13f8f001fdf3
f32903f10e08000403fd10b9f306fcf4
0625fffb0a1102f8ee0214afe806faf6
111000f4ff0e0101f9fd13afe8fdfae6
0a1000f6f706ff050a030dcbe8fa0006
141afdd7e902060916041503fff80305
1212fcdee2fe13081914041ced0506fd
0309fedae708f3110b08ce0df2f20b0f
f5ecfbe2f70be4f80204df1308f0de04
04d9fcf7ed11f3f31b180710f6f6d9f1
16fc00e41104f1f9fbf3081110effe13
081002001108f3f607f4f80508f80904
f12902e41b1a0f0e10fde70df0e60dfa
f91003111726ede604e7ecec1bea1108
08f6fc0721020200fafbff160af617fa
1cf3ff0101fff8f7f1060ff90ffa26f4
09fdff090d060401f80ef8f6fc0611f2
08fefd0d0609020f030cf9f4fb0001f7
0ffcfdfb08000a110a02f3edf402fbfe
0ef50202000d050cfff9f6f2ef02f900
14fa0202f80efe05f4f2f0fdf0020ffd
01040200020ef9fc02f5f611faff0c05
ff0dfbfc0723f8030ff40317f9fa0e17
f50900050218fc0507f2ef19fa05fb17
eaf2ffff0624ef070002f62409f5f60f
f1ccfceb0a21f5080417012f0bf6f409
e7a502e50918f2fff20c101602fbf20f
efc2fbe9050ef601fc010eecf505020b
fa0b00e60dfef60502ff13cbf304fef7
132003ec0a0ef400fa0312befc00f8f2
1621ff07130dfefef3041fc2ee0803f4
2210fe051c02fdfef70324e4e5fffcf1
1507030701f80a00040a11eceaf5fd02
0a0702f8f90704fe05080afff7fbfefe
050c00fdd5000307030bdc1beb0407fa
0c0d02f4d50300151826d604d6fa0615
07f2010ee00cff000e2c0615fb08e807
f8d7fbe50200f5181f2e17f90b08f005
1dfd03e30f20e3eefd00fafe0fe408fe
030300fe03fffd0204000200fe01ff01
071304fa060501f801f3f80403fc0602
0504ff081b1ffcf301f9f8f90bf5060e
01eafefc1bf7f80d041301fb0bfa260e
18e7030509fdf70200120cf505fe1cf9
02fcfcff1702fc08fb07f8eff9fc13f9
0405020800060514fa02f6ebfb04fff7
f80203fafb060607f1fbf9fbee020ef9
f8fd03f9fe09fbfdedf3fcfee6021103
f706fc03fa0f05fee5060110ddfd0501
f70d01f6fa050402f3fcfe13e202f60a
ec1cfcf801fe0309fbf7f90fe802fb10
d61c00effb00fb0400f1fe1aea03f20d
c6f400f50c06f90bff010421f808ec0f
ebbafc010d08f2fdf90f14230f01fd0a
fb9bfbef1708ee01fbff0b081003fe21
0dd5fff710f9f8f7f9f400eefd020416
1b13fdf60efffc02050509dbfb04fbfb
201103f81612f20101fc0ad504fd00fe
1d08fe011e0d060d080720e7fb0402f2
1c05fb081bee010b010318ebedfffbff
04fa030e0cdb0b04fe0706fbf000f80c
0003fb05fdf00b0307fee1fbe8f805f8
13fc02f9e4ef0b0704fdde09e80904f7
0116ffe9dcef27080a0df430c5061ef3
fce301ffd318fdea080d021af6f4fff4
fde700eaf221e0ee1006fbe8f5e7eff2
210001ea1723e5d702f7f2f809e50ff0
fd020207f1f7f4f4f9150b0f03040202
fd0afcfe0905060102f0f9fe05f803ff
031e00f31a20f7e600e8e60311ed1806
feebfeff1cf3f707091a090200f12313
fded03f30d02ed0afe03f6f0f0f916f8
f8f8fcf908f6fc0ff502fcecf60414ee
f70401fe02010b07f502fcfcfcfe10f0
f1090009fa01000feffd05f600000805
f70efc0cf7f90704e5030006e90008fa
f00afd00fff7050fe708fc15d2fe0005
e71cff0501f50406fbf9ef0bd600f209
ef22fff70102ff04fdf4fd09dc00f609
d116fe070007fa0a0506000de90ce005
e9df011702fbffff01091014f713f503
02aefd0c0300f1f7ff0c1814100bfd0b
06abfc0315f1fafc02ff0804090efe1c
17e4020114f8fef7f5f702fe0d0af510
1c0efcf9130502f9f8f506000c0af3fa
1403fef71c0c0b09fcf810f103fdfbf2
1bf5ff0120fc0d1404040af3f30104f2
0dfefffe10eb070a06fb03fefd01fc00
0ef1fb0e10eb060a06fff603f7fe0105
0cfafd0312f114100dfbe8fee0fc0ff6
13f103eefae5250c02eed50ad7050feb
0009fdebe40b19ff05f9d824d60412f1
03f7fffcda1909fb11f9f027fdf606fb
06f20211e32300e51b01060feffd0002
07fcfd14f10514f90d03020fef0302f9
fbf304f8f901fb040009fdef0ffa0dfa
0904fdf705040106fcf7fdfd06fd05fd
0a19fff60c17efe701f0e8010fed1600
08f200110902f4ebff100b1c01f31c06
f1ee03faff06ec05fcf7faf5fafa0cf4
e50a01f301ec0b17f7f7f7f0f20616f6
f1060209f3f60b0af7020eea020a15fe
ec130013e7f7070df8fb09e7f5060406
e812fc10e5ee0208ebfffa0be8fa00f7
ec19000df4f00207e7fdea0ddaf8f205
f222020ffef50604f8ffe902d6f6ecf9
f924fc0812030a11fff9f3f7de02f200
f300020b0c060909fe01fc02dc09f201
0ed003120ffc070a020d0e0af40c000a
0bb1fc0207f801f8fc061011130b0e14
13c8020b05fffaf8faff09ff060b0211
16f30209fcfd05f1ebff08fc0813f70f
140afff90a070705f7f709f10b07f705
16fe01ff18110907f2fafee807ff00f6
0505fafa18f9090901e9f000010113fb
03f203fe02fe090afff8ec0006feeef5
fbe801fffbef100a07fbe811f5fdedf3
05f000fefd01100a08f0ef06df0103fe
07f703f60003070601ece20ce8ee22f4
f40400070612090a08f7e504f5f017f5
03f8011bf60c29060af7060e040e0b11
1613fb26e5141be412100623ee0ef7ff
05fcfe0ffe0710f60a050108fb0207f8
f8f803f4fbfef8010202fef40cf508fe
0bf5fcf90202fc09f6f907ff0604f7fe
f60aff02f4ec02f502fafc06ef0103fb
e502fc1e0ef606f30dfe0b1fe70611fe
e4ecff03ee0ef7080df605ee040aeb10
f8090302e10a0512010306010f080ef8
f903ff0ed6050302fd0506f817090bf8
ec19ff0fd8f7060efcfff5f405000200
f2080010e6ef080ef807ff03fb05ea04
ec17030dfbf20505fa06fb02eef8d5f5
f226fc0b0efc0107f702f0feecfccfef
0309030a140a0504e7ff01fae409f0fb
0ae1fe0811060a04f003f803db0bf8fd
1dc301090bfb02f4f8040c09f70b1214
11befefb0bf40cf604fe050e030d1e18
0fe3fe0b110505fd08f5fbfbf9080713
09fbfe1609f60afdf6ff09fbf612f613
010bfbff0f0c0901f9f6fcf90309fe05
0609fefd070b020ffcfbf2ef11fffbfb
0905fb0107fd1304f5ede705080607f2
02f402ff02090a0503ece30c07fefdee
04f302faf502fd0809eaf009faffe3fa
fffcfcecf2030b110ce3f717f1010308
f8f2fcf0020a071806ebf010faed13fc
05f600090d230f0f0f00f61208e817f3
0aec021905052008000102f3ed0b090b
fee80414e90b10f00d02fb2bf025e7f2
0ded031bea1a12ea0b060210ef14fffa
101003fc05fff6ff02fd030800010406
0ff302f509fc00fffbf50d070810fcfd
0df60402fff508ed02f60c05f8070aef
f3fa020dfcf00afe13fa0e18f20416f9
fffbff06f704010611f810f50f0bf702
0303030fde0e0308080307fb0c040cff
fe01fc17d4f60e030cfe050a1511080e
f91a010bd1fe110a0df9fe140904ef03
ea12ff06fb010a0e0403050610fddffa
ed0bfe050ffb0efffc0612150f00c0ef
fa09fd0a16fe0606f40a11050303cdef
10f5ff1318080d05ee080803e809e9f1
0fc5fa0b06040c05f7010701e70d09f3
0db50003fefc06f3f903040700071202
0fd8010a08fd08fc06ff020bfd0c1b14
02fffb0e0f02010507f9f9f5fc050711
0307fc0f1203070402fffe03f50c160a
0718fc070d0d0b0a0df8fbf3070605f6
020cfbff00020dfff4f7efff1a0b00e9
f503fd02f8ff07fef2ebe103100300e1
f1fefffbfe100306fde8f1050cfafaf6
ff0b0206f90c04f90cf00b0ef7fcf500
fcf8ff0bef1003060dee0d0de6f6f808
f7f2fdfaf015120b0400f914defa0dfa
02f8fc07fe100e02f704f612fe030df4
04d70227f5fe32030205fdf4d0200603
ffdd001ef0201ee1190afd33e118e4fb
09fbfe1d06200ef3160a0312ec010100
fdfe00fc0301fdfc04fdfe02fffd04ff
0df0fff9fef8fbf8f4fc0c080fffeefa
0209fff9fef00dfb01e90205f6150ee9
13f40003fcfa02f70dff0e0a030b0eff
120bfffcf3fd0d091ffd0c000805fefb
0a04fd09e40e0204140106e70b0011fc
f40b0115ca07ff071805fd061d09fbf9
fa0b01ffd1ff110b0bfbfafd1d11d6ff
f20aff0efd050f0407021004210dbdff
e70e0206160a06090afd0c031801acf0
0101020c15100608f70806070d03caf2
10e802100b150306f40305f4fa0505fc
1ed3fc0c080f09fcfe060c02e60c24fb
14d6000601070af3fb001012fb0a1e05
0bf7010b0101f9fe030400110aff1a16
fe02021bff0df80008fef7f910f91310
fa0e00060907000802fdfc07070511f6
0716fcff080e0d0b0af8fb0012040ce6
fa1bfefb020001f4eef7e902120512ee
fc000300040503ffe8f7e808130608ed
f303fc04f80bf808f2f4f10610fb0ef8
f10e0207f10209fcfef20b14f40108fa
f40dfe08f20a010603f00516daed0600
f5fafcf8f7000b1afaf7f70ee0fa07e9
fb00fbf804f9f512fafdf209f5f00af1
1ceeff19fd020ef003100106c6fd130d
0cfc0114070cfded0cfe0316df02fcf9
0d1403141c2017111221050bdbebfefd
090ffd051014ecf0010804ee05f602fe
09f301fe07fd04f9020001120207f5fc
0b0bfef708fafefcf4ec0112090711f9
08e6030800f509f0fbf513fd0c1af0f6
0a06fe08ebff08051006ff110509e6f2
02feff11e71f010413fe0cf9050b06f0
f8030314d3110e131c000dfb1212f3f9
f709fd0cd809110814fffbed1310d3f2
ea0e0106f706010a0efd05f013ffb8f0
e90bfb0c16fd000bf90104000dffb7f5
07f5000f0c0b020df10808060dfcedf2
05e100000311fe0cf2f70104020112f3
11cffc0d01fc0e05f2f4f2fef61026fe
0fe1020900f60afbf6fe020e060f1f06
00020216f6ff00f8fc0000ef130a0e17
0703fb13feff05080ef806f3100212fd
fd1300fa00ff080404f505fc09090be7
041002020907fffcfcfff707140712e8
ff1cff010bfa01f5f1f6f20b060215e7
0203030a0507fdfbea01f90e19050beb
ec07fb000004fe05f0fef70c1efe12f2
eb0f03fdf6ff0407f8fb080c030301f1
000bfc0ef31bfe0e0400ff0ee2f1faf0
f7fbfb10e7040d0705faf807e5fddfe8
fd00fb11eff300ff0307f706f3fbeeff
0ae00220f0fcfbddf3180303f3f7f705
11ecfcf8111af6f204f80703f5f30a0b
07ebfd1de50e06ec0b14fe1cfd0eeb13
01fdfd01fcfcfaf6f709f40d01f5f904
0e0cfbee1f16e8f607f9f8f904eb13f0
fd0703fa0806eefc01fbfbf3fef014f9
f1f4fefdf5fcfc05f8e805f80814e5e9
0d030004f1040c0b0ffcff00ff06d9e6
0900010cd80f110313fb110bfd10e7e1
fa070203e00002060ff507f40908e9df
0507fdffea020b0609fb05f70407d1e8
f80bfcfffef8010807f7fff017f8bcf0
f801fdfc0af3fa06f7f902ff11f8d3f0
0ef4ff0c05fc0604f7f902fa03fa0eef
0fec0211f7f404ffeceaf8f204ff2903
17ecfd09f6f90406f9fbf4f004fa2810
0cfcfd03fcfc06050107fcfd0a011c17
0b0eff11fbff0a070df7ff010a04110a
03090016fbfc0c06060203fb030f0ff5
000c0307fefa0801000403fd07130eef
fe12ff0a02ff0301fe03f800050a17e9
fa0cfe1202060404f808f913050b0be7
fa0bfd16020e0001f30aff0f120b11f0
ea0bff07fafa000bf407f7060f050cee
f013fe0ef00a0a10f8fffe01fd03ebe9
010a001bef150d02000ffe09eefdf0e4
f9f80233e90f07ee02180105eb09e3e3
fafc0510f1f6e3f3ed00fdfd07eef2f2
fff6041dde01ecd0f01ef71a0bf2eb01
0ff9001bf61815eaff130519f3120402
01f6000cf3eb00f3030603101907f01c
fcfffcfffcfffd0301fd0202fc0301fc
fa04fdea1a0e02100cf2f4e8f2f008fe
ee1d02120f0106ff100805f4e5040afa
fa09ff0c08040cf502fb0b00f00ffeea
0809ff0fef0e0d050e050be3ed04e0e1
fe04ff0cd70d0b02170a0702fa0bd9db
fd09fefcdef6f7f90c0502110305dbdb
100303fdf7f30e000afd0f0cfa0ad2e0
f7fbfef7fb0000080d03010005f4dbf4
faf3fcfafbfc030603fdfb0d01f3ebe6
04fd000002f40109fc01f8fdfcf419f9
0b05fe07fdf60209ff01f1faf8f42011
0c0e03f702fafe0afb05f1f6f9ec2327
030dfaf3f9010a09050ff6f8fefe0907
1003ff0800f51205f9fefa0205090afb
04ff0108fcf10bfffd0502f8fb0e18f9
0006fa0600ee05f7f804fcff08090ff9
0004fb10f3fbfbfdf60fff01020813f4
f4040118f7f6fefae4130b0c04070cea
f815fd10f9fbfafbee150b06110503ee
f112fb08fbf40702e90d010b0610fdf3
ed08050cf3fe0d02f80f00fefd09e7ea
0403021cf300fdf9f515f9fef402e5e9
f4fb001bf008fee3f8160608f414dee7
03f10420f808f0e1ed0dff0af8fffbf9
f5ec0229e814ebe1ee22f40002f6010c
10fd011eed0606fbfb1d0615f60afefe
fbfcfd07f005f7f5fc0efc0004f9fdfc
02010105ec04f8eeef09f81507f4f008
010ffe0608fa0eec02fe0d16f818f8fd
fe13fe09010f23e3160c2607e218fef9
fc1cfd0c01fe19faff1818fae802f8ec
010e021be62100030d140cefeb01e8e1
f7190105e70ef402060206f4f402d6d0
07060005e8fe06020c140a00f402cfd1
09f30204e8f1110a0b0e0cfaf005cce6
fdef0106f6e90c0b0f09fcfef204eaf7
fdf1fbfdf1f9050a0c0bf5f7effdfb03
ff05fffffbea0604fe08f5f2faf308fe
fd1201f401f00b0fff05eff2edfc060b
0811fdf608fa0505f90bf6f7f6f50615
0d06fcf705f70a09fe0ffcedfc080e0a
13fc0302faee0cfbf00ffef9ff0b14fe
fc08fcf7f9ef0800ef0f02f9ff051af8
fc09030401f303f8e90a08fe01ff12f7
f2f7fd0dfcf30801ec1306f7060d12fd
fb05fc0df4fff8e8e5140d070c1103f5
fe15fd08faf303f7f41104090e0c07ef
fa1c0009f2e3f9fee31403fb0d05f8f3
ff18ff0df4f1eff7ec0d07ed0605f4fa
0514fe09faf510080207fdfff40ae9f0
e80d050deaf60beefb1dfefee91af2ee
ec13fd19e506e5d7eb13f4edee06e403
e8060008ec11e9fafb1b0ffedef40d01
ec1501eb19270c161312f4f7e0eb0ef3
ff01fffe05fefc01fefefc0001ff01fd
fcff0104ee04f5f3ec0efe1303f5f606
03f9fefefffbf9f0f2fd06110402fcfd
0a06040804fa1bef0a092418ef1af7ff
ecfaff0af2020d0811220b1de809e7ed
f9fbfc1de40903fb081f091af100f1e4
01130311ef02fafbf9110304e2ece0d6
f70ffe04ff18040614110c06e2f8d0db
fe0b00f2f10a09051a100907e7f9dff0
f103fbf7eeff0205131307ffe1f4f301
0501fffcf50801040d1402fbe7f8feff
0002faf9fff20a070301faf8f003eb00
f609fcf102ea14120907fef8f100f805
fb0200ef02fa0a0a0a0cfdf3ee00fb0b
0501fdea09ef0f0b000efff7ef030414
0500ffec0af90107fd1000faf801050e
0106fce503fb0706ef0a03fffef71500
fcf6fff703f8ff03ed06fbf401010c05
f9f2fcfaf704fe01e81005f608050dfb
00fa04faf2f8fdf5f3130b0a0d0bfffe
fd09fbf1f3df0405f209fe030408fbfa
0309fd04fae3f2f1e71506040d11f903
0418ff0503e602f7e702f9fcfd13f706
fd0e03fb02ed0c030504ff00040ff9f0
e900fb0ded00fcf50318fee7f411fafe
ed03ff1aec14f3ecfc0b08f0f912f00b
eb16fe04e607f505f90101f5f1010c02
f21d04e70112f20eea02f9f5ebeefcf7
0204fefb030400040300fffcfcfbff00
fffcfc04fd00020200fe010102fe02ff
04fefdfe03fc0100fc010204030202ff
0df2040df8fa1afef40a180df70efef3
e2e0010cde0d14120b151524f21ce9e8
e7f3fe0edc0bfd081115fb30f001efe3
fdf3fc0ee506fafe0215fc04f5f3dce2
fb0afcf8f812fafd06f7ecffefede0f1
f51803e3ff0900000cf7fc13e7f4e0ef
f00901f2f3fe090d12150906db02f101
f60dfdf4f5fafa03090e030ee2f20404
f60d00eaf603ff0d09fdfe05f100f408
f9fb02eff5f00b060cfefe0bf309f405
f1fffbe506f40107090efa02f6020916
f8f900e209f4090601080208f700090e
f400fdeafff60204fc07fefdf8fe0305
0104fbe901ef0000fb0a0cfc03fc0c05
f7fafeeffbf5f707f51806f205ff0a0f
faf3fceb00ebff01f50d0c0105fe0a05
02f1feea04e30b07ff07100800150301
08fbfdf700d807fdf501090708140a0c
02f6000302ddfef4e70d0f02101d0601
fcf802fcfbda0c02f8050bfc071dfd0b
04ec0405fdf614fe031d14f904190c0a
fcfb0406fcfa01040c1216e1fe190716
0002fe19f818f3ec040d04eefe12e9f8
f80efef6f90af209ff0303f5f7f702fe
f706fff8e808e5fae805f2f7fbedf207
00fcfffd04fcfc04fffcfc020202fc02
000204030302fe0100fc030104fe0303
02fc0004fffefe0201fdfdfefe020403
ff0d020701fcfdf1f3fefb1606fe05f6
faf504f7f503050dfaee0b180b00f7e3
0612fefc060ffa05fceb0c17f40104ee
ff19fcf20b10ea0b04e5f20ff5eeecec
fb08fdf206f8fc0205e9edfef3f3ecf6
ee0702e70100fb0304ecf30df2f8d3f8
f41804ebf1f4fb040cfbfa0ce901def3
ef1ffbf8eaf1fd0307fffc10effbe5eb
f009fb06ebfbf90203fefd040103ec02
f802fef3f8fa020503fdfb101009fd04
f70003eaeff3020f090cff04080309fc
f7fbfcebf3f804140c0b040d07fa05f4
fbfa00f2f3f907060504040efb04fef8
07fdfdf100f004060b050aeeff010501
020002ea04e80708140610ee070e0108
020afee6f7fffdeff70914fd0e00f5f3
f6f3fdfa00ed07ff061213f9f60b0104
00e8fdfe07faf7f2f80b0d000607130a
00e304fe06f4fbfafd0dfe00100c060d
02ec04f8f9f3fdecf50313110411f710
fcd500fbfafa04f8f3020803001df21b
ffe2ff08ff10fbf5ff0b17ef0814ea20
0af6fd03fa18fae20a1c14eefbfceb0a
070a000cf80003f1fb02060cf102f601
fdfc010ef806faebf70c050cf4eff1fc
00fefcfc0302fe01feff010204ff0300
00fcfc0300fe040000fffd0400ffff02
04ff03ff04fd0003fe03fefffefc0201
fbf3040efbfc0707fa1111010108f1fc
f70303ebfa0af50503f8f40d08f50309
f8fbfc05080de1f5f2d2e324fbf5ef0b
05f2fe0f06ff00f9e4e6f21d0407e3e8
07f101f1f8f708f50cffff31fa01fceb
05f2fdf2fd0bfdec0104022b0801f7f7
0f1503ea00f7f0e0e3070b1b21fef5f8
ff11ffedfaeef0efeb05030f23fce6f7
fb02fff6fcf40d0d1df203fc1309e406
f2ff0502fe01050610f5f5f91405e80d
0d04fdfbf907f7e0f40b020430fcf4f2
f8feff02f70500f3f80c000d2402edf8
0d0603040c02f7edff0c0a0d1a080611
020d02fefc0600f82c1004f31bfe0000
0319ff06ff15fcf430160be62006f5f7
f907fdfc040afcea17120aee18020502
f2f4fc04f502f5ed070503ff140b04f8
04ef0312f216f4f5091914042d03f9ec
06eb0016f20bf2f306131d0b150eedfa
f6040507ee0fe7fb010d11011204defe
eaf2fefbed08f304000400fc0903e003
f3da0403f20aed0ef705faea0901e60f
f4e500f8f81cdfff001305e718eaf4fc
fcf9fd0e000706f303060901f809ed00
fb02fd0ff80503f6080208fef3fe03f8
00ff01fdff03ff04ff0104fffc0302fd
030000fe0104ff01030504fdff00ff01
01fefefffc03ff01fffffdfefcfd0003
0003fc0401020401040204fcfc00ff02
1800fe0c050ef8f5fd081003fe05f901
eefa0326fce61b1906fa13ffec19df1e
eae9fd25f8ec1518f704fe00f316e906
f8f3022304e81407edfced05f60df3fd
17fffd1d19fffbf7ed06fdf1030a0804
24fe001c19fff1f0fc0904e31b0508ff
1f0901ff21fee8ecf90406dd1d02ef15
28fe00020f09f3ebf70b10db2004e904
10fd001d0308fafc061310f02000f004
fc08ff270108f306141706da1d08f201
0df705150d22f3f117120af028fbf9fd
1cf9ff151d1befe1001215f42701f517
0a0303090817dedbf50dfaf62afee60f
110aff1b051ed4e3f51600ec33f8e802
15fcfe160c15ddecf02310f2330001fb
1efd000c0e10e3f1f7181b012dfc05f3
2013020d0731d8d804120dfc32df07fc
1cef001c0229dfe1fa1d1af332fb00fb
0cfe01070c15eee6fc0a19f41f03e001
0a09ff021217f3eafdff13ea15faec11
0b05041f0f0000f8ff0508e4110afc07
ebfcff1a060308eef80813fffc0cf708
01140002040ef1f901f0f20205fa0efb
0104fbfc00fffeff04fc01fffdfefdfc
fd01fcfd03ff02fe010401ff03fd0000
00040304fd010402fcfefffe02fd01ff
ff01fe040302010400fd00fe030301ff
030102ffff040401feff02fe02ff0100
03fdfefffdfc0400fe01000300fcfcfe
071401fe070eeef208f1f60208fa10f8
0123fefc1b1adfe609eded010ff720f4
0b170212101ee4f503f501030b011407
080b010d0f19f1f9faf8050012030b07
0b0b02100d1cf5f502f809fd0dfe0803
071efd180c13ecf202f8030005f71008
0f0eff261b1fe0e401f9fcf912eb1316
07f4fc290b1df4fffe0c15050802fc15
05f600220e1200fd04150bee11fef712
141b041f132be6ee0af606df10f11b01
230efd25292cd9e2020d17cb14f50821
16f1fcf82601dffc0513fbe31008f324
1a060209280ddff50407ede712fcfd21
2027fd072326e3ea0af4fae414ed171e
1e14fc15240ff4f5030d06df0d010319
10fffd16260cf8f8020a06f40aff0219
0d08ff0523fefcf500f80cf8f8ff010b
131100ed1d13f5e702f20d0108f9fa0d
fc0800fe1e0ff2f4faf80c0108ffef0d
041804f5ff13eceffff5f40210f40401
020004fe03ff04010205fefc01ff0104
fe040303fffcfffbfffe04040002fd04
01feff0204fdfe0301fc0302ffff0103
fd00fd040304010003fffd0404fe0202
fefcfffc02fcff04000401ffffff0104
00fd02fdfc00ff03fe04020203040302
00000200fe04fdfe03fc00ff0403fffe
ff0200fc0200ff0000030304fffd0503
04fc04ff01fc03fffdfcfdfc01010001
030202fc01ff0400fd04ff00fffd0300
fcff03fd02fe03fffdfcffff0000fcff
feff01fd01fefdfefefcff01fcfd02fc
fd01fd0000fffdfc0104fdfcff01ff03
fd04fefc04fd010001fefd01fd00ffff
fd0303fefcfc03010403020300030301
feff02020003fdfb01fffefcfbfb0003
fa00fc0401fd060506ffff021008000d
fc04fd0afffd04fe0802fc040f02fc0a
0101010e04fe110d0008ff06f00eeff5
fffd000202fd050203fcfc030106fdfb
05ff04fdfffd04fd0103fefc0300fc02
02000301010402ff040203fd0202fefd
0403040401fc00fffcfffefc040103fc
0401fffc00030300ff0203fc020004ff
fcff03feff0401fcfd02000204fcfdfc
0300ff0103fefe01fcfc00fe0004fdfe
010102000002fe01020001fdfefcfdfd
040102fdfc0101fe0102040200fdfd01
0203fc010300fefd00030201fefc02fc
fdfcfe0203feff02ff00fc0001fe04fe
fd020403fffe00fdfdfcfc040400fc04
fdfdff02030204ff04fcfc0200fe0001
fdfe0000fe00fdfc000004ff0001fcff
0002ff020302fffe02fdfefcfe0101fc
fc03fcff040102000000fcfe0401fefe
fc02fefe0301fe02fefd010000fe00fc
fe0200fe01020606fffb00fcfeff0003
03fefcff0101ff01fe0001fb0001ff05
0403fbff02060b0500fc01000708f007
0000f5fc03070b0101fbfbfc040cf009
0301f304030306070df9f1000d05fb0f
0bfef3fd09010b010afbf7fb0508fb03
0bfefefb0402070c00faeefc0c07fb05
0604fc0409050e0afb02f9011c15fa0b
0800fa010c050a0a0802f7fe13140106
fd02f7f604040a0104fef3031013fd09
0803faf30502f214e401f3fa03f10efb
0cfcfb0c10061e0fee0ef303010dfefb
17fefc0f0e161c0d0900f5010018f2f9
10fefd040d0a18091302f6010c15f506
1102faf40a0512040bfeeffd190bf70f
fe00fdf21405170509f7ef001911ed1b
000400f716041e0a0af0ec002817ef21
04fb03ff0a04080207fcfb010e05f412
0100fa0104010a050bf9f1fd0306f708
0801020102010e000c01f1fe0106f10e
05fd05020201fd0501000404fc02ff00
03fc000302ff01ff02ffffff00fc03fd
01fdfefeff00020102fb02ffff040102
0404fffd000200fffd01fffefbfd01fb
fe00fd01050302fe00fcfc030101fefb
fe00fc0200030100010002fcfdfe00ff
fefc00fd00fd050501fd000304060005
01030013130208031b1bf910161608ef
fb00fa1610ff0e050f11f3111916fbfb
0004000007fc090301fefcfa0305ff01
02fff9ff06ff090304fffffe0101fb09
0600eefc0a060b020804f2fe090ef613
fcfcf5fc09081a1d0bf8f1ff0914ee0b
0cfb08fdffff152b12f9f300f91de000
1afd070503091a1b0102f002f81fe603
08fde9040d152c0e03fdd7ff071ce616
1cfbd50d0312071a0302bb03fa19f20a
2003e6170cff0131edf9bdfbe60306fc
1d02e50503001b2bf5f9beedf8fef80a
16fb020609f1331be7fcdef704fef00c
0bfb090b13f3191ae2f5f1fef5fdf602
0dfa11fd0df10e0feeeef7edfdfafb09
080018ed0bfd1e05f5ebfdee04ff0007
fefc12e410001707f9fb00ecfff00307
fcff14ed09fc141002fcfff50705f603
08fc01f80a021211fbf9fef8101aec09
fa0004070b051807fffaf8f91515eb18
01ff02121101180d01fcfe020114ec0e
fdfcfe0703fe060e0103fa02040ef603
0603ff06ff02fd0c01fe0304fb07fbfb
fcfffffe03fd05020204fd01fdfffd03
fe01fd0102fc0104fc02fefeff0202ff
02fd00fdffff01fe04fefefc03fcfdfc
fd02fdfc0301fffcfc0302fd01fc04fd
16fffdff02ef030ee5050bfcf3ed09f4
19fdfe17100306111016fa1708110ae7
f7fdfff8101000fff7f4f50deaf906f2
fc03fefb060f18f205fff8fd04fded16
f4040001040421f810f908fdfd05e917
ecfe080208000df619effffef5f6fa24
e3010806ff000e011beffc01e3fff611
05ff170bff040f11f6ef07fcf30ef9fc
05fd0efc020dff0007fb05f7ecfe0306
f903f6f80514fc0312ebf0ededfdf816
f000f2030d1ffc110bf5ebf9dcf9f906
f503f316171fff0b0ef9e20dfc11ff06
e4fbff0c12140b00170de1fb060b030e
f20115070e02ff04090bfdedf107050c
0603141205f10306000ce9f5f50c0504
fd02050d0cf5fbfa0906d6f400090800
f4ff06ff111007ed01f1e4f0f905fdfe
fa0200f4171114fbeff3f1e3f3fdfc02
df03fbf20e0b10f5f9f9f9f0f1f615fd
ee0101fd05f511f1e6f500f0ff090a07
0504f7fd02f50afff207fbf90811fd09
0f03f00803f00ee7f706f4fc1220fe12
f900fc00fd0006f0f9020208060cf40b
f102eefff40d021102031615f4f20bee
f1fe00f7fb13120effff0a0af3f404f7
ff020101000303ff0401fe04fc04fffc
0203020104040200030103fc00020001
02fc00fefcfdfdff0500fffc02fb0501
190302fc00f8fd10ed0705f9ebec0bf0
f1040df50411e9f209fffa04eeec10fa
fafd160a12fdfff70ff3eaf905080218
090214020ee818ee0de8e1f309f2ef17
07031a06f8fb20f70cddf9f8f0f5ed07
ff0109faf40107f707dd08fff5f0ff02
130309fa00fd10f804eef9f401ebff0c
fcfc0c010cfb0afbfbeaf6e7fbf60b00
050006f512010f0809eaeef1f5f3ff09
f4fe0cfb020e050712fdf9f4eef90105
06010e070007ff0a0a07f903fefe0304
0cfd0d0afe0201060509ee0d0700ff05
08fa0217f6fcfb02fa14f90a0308ff0c
0703130ffc03f6f7fc13fcf1fefd09fe
0c03fd1902fff2f5f913f7defa05040a
0603e61f0309f001fa0c04eb000f0a00
fd03fb160307f7f7f8fe05f4f30503f4
09fbf30d01fc00edf0ffede2fbfe0802
0003f209fffdf7f2ebf9f7da03fe0b03
f00006f40805f8e8e0ec06dcfdfb10fe
e8000aea0411ededeef60aed01f61003
dafefee9f602fd0de2e90500f9f70dff
f3fcffe0e4fcecf6eee108f8fcfb16f6
f4fc1ae2ec03f6fbf6f218f8eef711f7
08fe11f7fb0afff100fe1514fd0d0d02
030300eef90d04fe02f6fe001817ef11
01000204fefffefe0002ff02fe0402fe
fc0304fd03fdfc0400000404fc0101fc
1afdfff80c071114fc0de9f4ebf4f204
0200f900f818fb0a03f2f000e2ec0ef9
14fc07f7f70919001600f1f705f3f01a
03fe290404ed25f60efff4f404dfedf1
0bff1d05fb00260105f2fff6fceb01f9
080102fdfc070cef0ae1f4f8fcf60600
f2030a000a001af209e4fb000ef7f6fa
e70006fe08fd0af309e6f8f10ef304f2
fbfb0b02fb0a0df206eaf7ff06fcfefc
fafd0efde404fbf30aef0d14030201fe
fcff0901edfd02f6070104180f08fd04
f8030c0c060405f50414002d09090204
f501ff0f080c00fcfa16fe1b08000c03
02fe0006fd0d03030412f708000504fb
f000040efd1605f90303fffaf40202f6
ecfdff140010f5f7f40bfffdf90b01fa
f5fd0416fc07f3eef409ff00fc07fbf3
f7fbfc0d0303f6fbfa08edf900080009
fbfeff04f50cf803ecf906ebf5010e04
06fdf609f609f0f4e1f804e3f0fd09f8
080507f40313e906e4fb0ce6f0f614f5
050007de0f0ff30ef7edfddaf8ec0507
15fffbecfbfee70bf5eef6ecfcf60a0c
0800fdf7f508f3fafdfa0d11080a0906
fefd00f4f914040402f20c0e0708fc0a
fb0105eafe0e040005f400fe0d10f415
04fd02fd00000202fd02ff02ff0303fe
f80208f2fd090dff0ff1fef7f5f70e08
ec010d030b03f7fd07f7041b0efdfffa
0300f502000d0f06161d03f709f2e7fd
f302fefc08130d051b0f03fb08f5f50d
defffaf70b1225e710fa05f503e310f4
fb03fdf8f90724e609f8fff0fbeb0ef9
01ff02fbf5fc17e500f5fceb06f309fe
02ff0bf1fafd0ce701f001e703fa0201
fafe05f5f3ff12ec11e605fb03f7fe08
f4fd0a03f8050fe809f402050403fc00
f9fc120cf70201eafffc0a0e040afcf9
fa03090802fdf3fc03010b1604fffefc
000010ff1107ecf90903042801f7fef8
05fb03fe0e08fa05fffcfd28fcfbfef8
0201ff06ff13030c03faff280106fffa
05000a03f011030e0501f41d030801f2
fefc0b0efa10ee030811000f0807fef8
ebfb0b14f614ee0b021c081e0206fff0
defe070bf407e8ff02060e13010c00fd
ecfe07fcf503d70af2040902030004fd
0302040504feda04fb0bfd0e08fe01fb
fe04fc0a080be007edf806fafcfe0cf8
0501fbeb03fed809e2e505f0fef61b0a
fffefede140bf212f6dd0debefef0e03
0d02ffe4090d000cfcf41802faff07fd
08fd0af60308060b02f00ffff8fa0bf5
12040701f6f90a0004f3f9000510f90c
faff0005070300010301ffff03010001
f0fc09ee0f0f11f821fdf9e8f3f10e11
e8fefdfd0efd05fe0bfb121a1703f0ef
0102ef02060902f01d120ffd0efee9fc
ecfdfc0a020e09f00806eeef02060325
d600f5f7070d1bdefff8f6e6f8ee1c0b
e5fc03070af90fd20ef6fbf5fcfb08fa
edff030207ff19e907fe0ae5faf80700
02ff0feefcfe06f304ec07eff8f70501
effc0efffd0012ec02f708f508000002
ebfa0c0aff040bf7f9ed0a030b0605fb
f7020c110303fef8f7ec0406fe08fbfd
03fc0d0804faeff2fbf6081701f9fcf8
05020e05050af50a03eb0013fefb01ff
00fd0df60b130706feeff90cf5f004f4
0dfffe05f80cfbfffdfdfc20030505fd
020106050319f10a04070b1cfb0302f1
f5fd080ef815fc170812091f060b03f8
fafbff15f715ee0f011d0821070c0802
ee03040efb0ad704fb15070d06070800
f4fb0c05f40ad807fb08011508fe03ff
fc030215fa07d517f1020110020901ff
fafef810f809c50fecfc0a0405fe1004
f300eaff0103c2fdecf908fa05fe2109
ec01f2eb11f9f2faf3ea06ee07ff080e
fdfd0ee30cf6f9030aef0df7010ffcfd
06fd14f505070b0afdf908fbf6f50c02
090303fef4040e0cfff9f4fc0306f504
f100000b0bfdffe40208e717051f15e7
f20409060f0d0c070c030a00060aebf2
f103fbfe0f06f2ff0f01030a130d0601
0001fdffff10eaf10403f7f30e090c19
f603f6fe0a1515f508e7f3dd05060125
e4fb05ed0afc15dd03ffffebfbef040d
edfff9f905ef10f1fd0c0efa0a010407
ea02fffd00fe0afb0cfa0df508010b07
f80007fffefefb0c0af60afc0e01ff07
f201041003020301fff10bfb0a100606
fb000916060707f900fb05ff090d00fb
fffe030c0301f8e0feea0b0fff02f9f5
01fc0d0a1504f4e7f7e9fe0afe050502
05010b080e0af706fbebf90204010809
fd030903070d000efef8f40201fc0301
ff020705000afb0d0706f60905ff0bfc
0301fd0afa12ef140a0b041604041002
00fef80ef40ff617040b001bfd080efd
0301fb0bed10e10b0c1e071f0c030c03
fb00f705f10ade150a1f081701020204
effff00dfa0fe913030f011004040a00
f8fdf7fffe07cf10010f000d0afc0c0d
ee03f403060bc909080c0803fcf90c04
e7fff203040be310f1fa1ef9fb0711f8
fa04f1e71207da04dae720f1ff0014fa
0502f6e511fbd904ece400f5feff18fe
15fe07fefe04ebfff8fd01fdfd001806
f8020801f400f80100031607f7fa11f9
f80403000b0201010a0303090a01f8fe
eefc0bff0b0507ea12120a0610feeef0
eeff0906f41a05fa0af7f8f2080b0907
f3fb09eff108f2fe03fbf2ee05130312
d60210e9190f0ee602fe05ee0307f606
df0107de00f402e6ff060ffb03f0f809
eefb12e905f3f6f9011611f90afd090a
fafd10f406fc000609ff07ee00f80003
fcff060a01ff0507fb0604fd03fd0502
05fe0509fef9fe0302fb09fd060404fe
19ff05090302efee00fa0e0605fffaf8
04ff11f90bffefdaffe90a04fffbfef6
04000a0313fff6e8feea060002fa02fb
ffff04041d06ef04fff9fa040a080f0c
fafc02030f00001106fff6fe100b0c05
0c01fcfaf7f3041c030cee0609020500
12ffe6fbe9fdfc0f080ff30701f8090a
0efde7fbeafef2080f0dfa1703f80906
0b03edf9f902da0f080df812fef102fa
fe03e40bf8fde8130c1cee1009050114
e501dd0d0600e9ff1419f81215060415
e7ffee070ef9e3060e13030a1307090f
e4fefdfc0a06ed02100f0f05fffc0506
f001f00e0c18f300fc000ffc010d0b05
e6fe07011910e90ae3f116fffa0814f0
ecfffa011b1adf09f0f11402f3fd2af6
f5030602f904fe05eef70c05f00212f9
f7fd01f706fb130c07070f0e13eef3ee
f603fdfe0a0104020b0508060c02fcfe
fbfe01f50600fd07091003000af9fcfc
f1fb09fe0c160901070400f6180af4f0
e5fd1bebf508d2fb1907f0ec02f30713
d8fe01e411f9f8f7051011f60d060604
e8010ee2f6f4f2f10a0a16050f15fa01
f90313f4fffbebef0f0617fc0b08f9fd
0f030a0501f9f5f5090102f807070102
0efd0c0bfc00fc0100050f08fd0608f9
0d0008060400fafbfe0315000604fffd
0cfe04f107fceaeefbf314fdfef702fc
07fa0af615feebddfbfe0dfaf9f901f7
030102ff2500ecf5ecf414edfcff0d04
fd0300fa1a04020303f71202100d0106
0b03fd04eff8090d0310000b11150d0e
14fce8fae3e71b1b030ef5f40d0008fa
1afbebf0e7f009030d0af0010ef30401
12ffebf9ecf8ebff0d02f10004f80303
1102f0fcfa00ec000604f30d08fafc0c
02fcecf9fef8fa030416f20404fcfd0c
d5ffeafd02f3f6ff1a25fb070b00fc0a
d2feef0704f504100a1608010c0901ff
d902ed120902fdfe171bfe070b070703
d7fbec1703030501060deb0c06180e07
e00101fc0401091bcdd60c04f00312f1
e7fffbe70c090422fae01105e4e107e5
fcfc160501140310ebe61d12defb0cea
0b02041302fc0df4041300061705f6fd
f4fcff030efffd01100507080e07f4fc
f7fd0515150005ef0c16f4120d1709ec
e7fe06f818fde403181710031703eaf1
d6fdf5f10201e2021418fffc1507010e
e0010cda06fe020c0b2125f40300fcff
f30110e300e9f303050823f90f0ef405
05fe0ff206fce2fafef31df7040efdff
12020b13fbf6e9ed020b180312210508
0101fef7f7f6faf3021210050e0efa09
02fdf7f907fdedf400fd1c011306ff03
0e01f2eb16fdf2edfe0e0ffb08eefefd
10fdf6ff1f04f0e1fb0a18f703f6fbfd
0afcf7fc1dffecf5f8f729ea0cff0207
0f01fcf500030efffffe23060d100006
10fefafad6ec26fdfc0a0e020f0f020c
1003fae9deee1efe040303ee04fd06f3
1bff01eef0e704fa03fcfff802f2fbfb
220106effaf7e2e10d0afdfe01f203fa
1fff0bf608f8fae30d09fafd03f2fa02
0cfcf7f6fdec04f10f08fbfdff02ff02
eb02f108f7de0d041e24fc110e09f905
d6fef604f5ed120c0a15fd0a0f0eff02
d7ffff0ff6e51302181cf21011080202
d600fb1f01e30b05f609f90c02110005
cd02fe1cfbf00000cbe9fe0cf91a11fb
e1fdfb0cedf4f80df6ed0e05e20c0df9
f801120a0513d0ece9fb231ef40f2b01
f5000909fcfc1500f51c100008fdf3f0
ff04fd0404fc040301fdfe0002fd02fb
f40300fd0b02fcff040708030b07fcfc
f20004f609fb070614100c081809f5f4
ddfcfaecfcfa080af71a1cfa1a1703fa
000210d6fcf0fdfb0b271f080f0afefd
fefe09d609eef1f5070c21f814050609
03ff08f90cfdd5f6f6fe1b00021006ff
06fc0bff1001e7f5f4fa1bfd051003fd
0b0202f81108fbfb03ff1dfe0c04eff9
15fdf403180ae700f7ff11040e06fcff
0bfcf8f21f05ecf3ff0d14fffff40007
07fc03031f05f8f3fa0916f0fff9010d
0303fef80e070cf901ec20e3fdfb0c05
09fdfaf9ecfb22f906f014ef01030b0f
1304ffe8e2f32ff8060207e8fbf30102
1cfefce0f4f012f6060a02f307ec03fa
1dfb00f901f10af10c06fcf70bf2f5ff
22ff000403fdf9e20c05fe02fff8ff04
1efc06f401010bf010010000fcf4fcf9
0cfdfc00ecea11ed0b03050cfcfe0d01
e4fbfcffede311ed0b0d010dff070702
c202fd04f2e71bf30b12fa050a0f0408
c500101205db1cf1070aee0a0f15fd08
ccfc190d05dc05e4ee09ee061214fa10
e101e71d07d817f3c4f8e5f508270115
e9ffe407f3e31d0ee8ec0cf2de07f7ea
ef010afcff010510f00b24fceffefee6
effd160df7f8220ff11d1ffd0bf7dce5
12fc13fefd02fb0fef0af4f5f4000a00
fa04fe0007fcfbfd00040209090702f7
df0201071afd1f0519151208200cedea
f10204eafe081a16f81b20ff1418fdf5
f5fe09deffeb08fa05351207190c00f1
f80101ea0eeffa00f60c19fa0d060301
fd0203ff160be1fefc0307f607110405
070304f81305e104f1fe05f406070cf8
05fdfbfc1502e80601fafffc1105000a
0702f6fd170cf4f4f7fe0403070b0809
0802fafc1f01fffd000008ff07060407
00fc040717060900f6080aebfe070505
0a031203fc02140101f10dedfbff09ff
14fbfc02e601240209f20d02f8fd050c
14040cf4eef820070b0c04f4fbf5fb07
1800fef7faed0c030904fe0307fdfc0c
15fc010afeeb0af80e08fefe03fcf804
15fe00fcf6f800ea050305f6f9f204ff
14fff201f5ff12f709fcfefcfffa0c01
0c02f0feeff81cee0709000708060709
d4fdf5faf8f015e30a100d0802ff0704
a8020403fdf01ada09180b05120c030a
c703090cfee30de2f80cf5fe171d000a
c8fd15ff07e415e3dff3f0e90a0cf715
d80110070de220fce4f5e9e4050feefa
ecfff10df7f515fddef2f7e8f414f4f0
f1ff1019f7fd071bf20627f7e816f0e8
0901fd0af8040b07f4fb1201f610fafa
fbfc0e010c090202f9000bf6f9ff01f9
fbfe08f502fdeb0001050501fdf90702
ebff00ff2202071611150e030e00eded
02fe03e20c0c192000111afa04faece8
e3fdeee3faf2f40e0115f90909f506e8
ea01d90511f2f1fbf007f80012110c0b
f1fef8021609e9f9f5fff7f508100404
0400fe09160def0bfbfee8f4090c04fd
f40302ff1b0a0408fdfeebfc0e000608
fbff09f612000901fefeedfb07060308
f3010a00110015f7f4fefcf9000d0807
06020609ff0811fbf700f8ee0a0e0b0a
09fa0805e80522ff05f5f3fcfd0a050d
12010201dffe20060dfff80400010910
0efd0bfbf2fc1a12fe090afff6f90805
03fa0501fef90b0a04090203fafcfc06
04fbfe05fced0d02fcff03f6fafcf610
00faf7fdf7f2fff30bfe07f909fd030f
fd01fafbf6fa13000dfefffa09060503
effef0fbf7f114ef0e0d04fc12fafa08
c901f803f6fd17db0d110c060af9ff05
bafb040df9fe0ddd021305070e0e070b
c502070306ed0ef4f806ff0510110306
cf0326fe1cf01efbf9f605ed0d0bfdf8
eefd1c0214fc0d05f3f1e7f3f91109ea
0703fd04ea030807f7e4f1e7f41ffc07
21fc1924f3e80d27f70c2306df22e6e8
07fbf20cf5010f0afaff0d0cf70feff8
fdfe0efe0c020303fa0107fef8ff06f4
fcfc05fcf704fefd050afbf5fdfd0809
0b0103f515ff1214eef0faf7f30404ff
f004f00013000428f9eb07f20000f2ee
fa00edeeeff7d8f800fce710f9f010f0
f0fede0b0605e5f0fd0ae30a000807fb
f900e2fd0fff02e9fbf8e401040402f9
f2fdec03130807f7f2fdd80310060901
fafffc0211071201ed08d9fd100c050d
fd010e08090520feeb05e0fb04090c0e
f8fb0f0c07000ef9f300e0f802080606
08000e0ce70614fceff5dff4ff0a090f
05fe0a10da081608f9f5eafbf703070e
11fc0000ddf92412fefaf201fc000210
07fd0002f8f414160505fbfdff070217
02feff0504f709060efd05ff0707fd07
0bfb04fcfafafaf40000f7f8fe02ff11
ff0008f8f9f3f8f307f500f10cfefd08
f103fffdf5fc0de50cfffff10b04ff03
dd02fa00fbf811ce0e0801fa1703fa0f
cdfdfa06fdfc0dcb160611061305fd0b
c8fb0d13f5080bea0604080a0f0afb02
d4fd020507f109e600140b011b0e040b
ea0315f40d0616f9effb00fc06070d00
08fc210a031e0ffafdf4edfef5150ae7
1c010607f3fd0912e9ebfcf7f524ff04
06fd1207f3f1f82305f724ffedfcf5f2
17ff0f08f40b1f1c09fe1f06eb11eff4
0505fd000bfbff00060304ff0803f808
040109f30305fe000d0cf6f3fcfb0a0f
ff011af1080d16fa01feebfbf1020608
ecfff9f11013f30dfce7fcf2f0fa06f3
02fce9f601f7eefa0b03d708fcfe09f0
f202d00210fd01030007e4080904f9f5
ecffcf0bfff609fef7fedf060e10fb07
f3fec60d100311ff00fcd6081415fd10
fbfcdb030bfe16fef40bd50017170414
fcfef81108021c04f211dd090a18fd12
0a01fc12fafb0a0bf401eb0a0515050e
1b00fe18e401080af7f3df01fd0d0111
0303050bd4070810fcebf1fbf605060a
fc0000f7eb00171f0501faf1f7f7040a
fb0101fb08f6121401f700f10109000d
f9fd03fe0cf309fb04fe08f30602fc03
00ff0700f7fb02f2020705f704020203
ed010002fdf703e30afe06f60b05fc05
ea0102f5f1f607dd0cfafdeb08f9fe07
d9fffbfafa0412ca11fe06e506fef80d
defaf204f7fd0ede09fd05f311000001
ccfb0713fd0911010bfe0dfb060cfcf8
e10110f9fc041715030c0c0e020401ff
0ffe18f40208140cedfe060104110901
120121f106241103f3f8e7f6f10702ff
37020f04f30c1323d1dd06f6f320fa0a
1bfb2b12e30e0b29f6f23001e713ede4
1bff0f08f5110618011a1b0ce71ff3e7
00fefd00fffcfe01fc04fefcfffc0202
fb0205f9020305fe0a0cf6f2f6f30c09
effc19ee09fe17f2fef0eaeffdf5070e
f00206f30c1ae80c06f2fbfaeb0007f4
f300d80803f7ed0406fde002fa0b10f6
06fbcd0503f40512fcfbdcfe010406f2
f6fbc90ef4f2140deff6e703080903f2
e402c30904fdf503f9fced070e06010f
f502ce0c00f9fa04f003f5090e10f311
f800c41ef6f90310ef00ee010a19fe0d
1d03d314ebf90615f0fbf4010a150007
1003cd08e4000318fef1f7fbfe0b0103
0afcd9fddc01002109f7f3f8f6fd0708
fffce2f1ecf70c1b0b02fcf7fcfa0011
f9fbfbfbfeee0a11fafcfef10c060206
fa010cfcfaf106f2fdff08f702fffcf7
f3fff1faf6f704e403fd00ff02f806fc
f2fcf9eb01fd06d709fffefa06f00405
e40106e9020006e603fb07ec07eefcff
d7fef7efff0ffde200fef9ecfdf9040b
e802f1fb01030ef6000202f00a01fbfe
de0201fd0e070f0b04fd08f6090a030c
e8fefef10d0c1719f9ff0a00040307fe
fafb0aee0e050f01f3fdf8f5070f1108
fbfe07f6fafc18fcfaffeff20f0c08f6
1d011201fcea282401fe0df90310e8fb
08031907ebe90e12120213000505edea
1f030a11020bee2209170c04f91c14e7
f1020aff13fd03031414110d0d06f0f5
fdfeff0205fffafc0404eefdf2ff0607
f7001fe90cf8fee91303f6ee06eb090b
fc0316e4031cfcff10f2fdeaecee03ff
f902f105f6f8fc1000eff9fcfa020ff9
05fcddfcf2f6040700eddafbf1fc06f6
fcffd508f7fdec06f9f5e806020a0efa
e601cc0df4fced09f8fa000906110000
f1facc0ef4f7f30bf2fd0d0a040bfe02
10fcb521f0f3fa12e7fe010505130604
1afcaa12ebf7f114f8ff0b0100090aff
01fdb6efdff3ee1804f300fff8fc0d02
fa02bcdde0f3011e02e9f5f3f7f1030c
f8fcc0e0ece61011fe03faf404f10015
f3fbfaeff8de0e00fc0106f707fdfffe
f8fe09e7fcf209dd05fa0300050303fd
ed01fef5030604de0cfbfafa00fa0106
ed03fff102060ff00c05f90708f8ee01
e302fdfa010a0def0308fcff0cf9f602
e901fcecfa07f9f602fef9ed04f2fe08
fb0104ee0c0bf905f9fdfbfa08fb0306
fafe07fa1509ff09fd05fd0603030007
020104031209000bff04ff07040efffd
01fff60c00051107f000fb01fb1207f7
fffdf80de7fd1105e7ff08f2020b0bee
1f00170e06ec3b38eb02fff8f2ffebfb
f701000ff4e72a0b17001d0c070edfe3
1bfcfa17f3051b22ea051500e31de3ea
0cfffff600fdff0af109fafffaf606fe
f0fe11110f0608fc0e1b0a0b160ff3f4
e8fc13fa0d0d0afdfffcfef8f6f202f4
030311e3041202ff09ebfbe8eae41401
fffeff030e07f70f07faf3fb03040b00
f8fdeff8f4fd030310f9e6f8f4010d03
f5fce004f6faf201fe03e604ff0111fc
f2fbe507f6fff604fbfbf905fd090802
f601de14fcf8e601f4011106020e0dfd
05fcc61df4eef80efb040c0302110a09
1201bb10eff5f70c02fd0c01ff110200
fb02cee3f8f0fa14ffeb0ffcf6f3fd01
f8fdcae0f3f1071805f40107ffed0700
fcfcd8e9e8f0070bf80111f7f9f30500
f701feedf7eb0feb04f709f70a020308
f50207fcf4f213e202f605fd0302fe0a
fffd0506010411f704f7fcfafaff0405
f00002f90006130009020301fbf8fc08
fafcfff9fa0c06010702ff05f7f90704
fd0106f0f902e903010404fc01f7060a
02ff0bf20d0dea0700fffbff00000901
00020004010bf30dfe01f7fffd070902
0afefa0b060afd0cf1fdf704021b0000
0e00f70cf3070b0aeef409fef10afff0
08fd09f0ecfa06fbe21113fdf7f00fe3
1efe2903f5f9243fe10f01f3ddec03ea
1700f60af3042324f6021805dc17ecef
1cfff10df6001219e7040bfae712ebf5
03fc0002fc01fefd030201ffff0304fe
0302fd10ff07edfb0812fb1211140df9
efff0810ff06f7fff5f803fc0212fdf7
f0002000f9140e0002eefdf4e9fbfcfd
10fe0b01090efd0cfd05ee09f9020e04
eeff0d0df70704080305f513fa0504fe
f902f70ae9fef41402fff109f7fc08f7
f900f40ff2fbf6120affecfe030d090d
f400f8130000de11fbfd0606f40c12f5
f401ee110405f00cfaf30cfef41009fc
0402ef1405f3f80dfef711fcff120804
fe00fbf602fd021800f210fe00fa05f3
0702f2ee05fd0714f2fe07ff05f003fb
ff01f9e8f70607fd00000bf5fcf10603
08fbffedf3ff0ff40dfff9f501fd0116
00020603fe0718f902f501f80501fe11
0a020600f9050c15fdeff9fcf6efff06
04010df3000c000bfdf405fff3eb0500
05ff0af50407fc08f707fff5eff60208
04fe11fc0106e00bf30502f2faf70afd
110205f1fd0ce908f7faf7f5f5fb0e0e
0b0002fffb11eefcf1f8f9f1fd070805
0400000d020fed08e5ee04f9f70903f2
11fe0311f607e80edde615f3efff02ea
0ffb0fe8f2f4f107f10b0bfcf8e7fae4
1bfc23f1ea02f643f7150df4efe9f3e9
0f040406f4fa0d23000405f8e306f1f3
fdff00fd0705050cf40200faf9fb07f8
1102ff0100fa0c15ef09f3f5edf901f2
fdfc0005fffcf50d0101f806fd03f702
f402f214fefbfdfafbf001fcf80feffe
f1fc1f1af50afffc02ff01fdfe10fb07
0cfc23110909e818fe03080e000f03fa
e1fd2106fbf6e720f7060110090602f7
f4fe1512f2f9f50dfb04fc0ffa070bff
fb02130df402f9100403f802fc110f04
f9fa190efa04f209fef9f4fa01110804
fc000a22fb04f212f8fdfbf7011807fd
01fb281910f80007fcfcfbfb0519fafe
f3fc220415080002f8ef04fa0a100403
fcfd28ed06030a0604fc05fa07f9f700
03fb10edff0d07fd03fcfffafffbfc09
06fe04effb120e070003fcf6fef6fc0a
08fe10f10717030f00f2f9f7fef0000b
05fb0fee030c0b0d05f4fcf9fdf0fb02
01fffbf50309f412fbf607fbfdf6fe09
0bfb06fb0e06f20af70e07f6f4f8fefd
0b0011f70b10ec05fc0201ebf6fc0804
10fd0beb0713e70feeeefbe5f1f40ffe
07ff07ff0b18e212e3f20be8edf609f0
0a02f80c0618e100ecda03f6f70610f5
1002ff080318e20ee0da1df5f2f701f1
05fc0af307fee522e80515fffbe8f5e4
10fd18f8fe05f12ef60512f7e6ee03e0
0b010209fe04102b0813f714f41513d7
fefe02010605fd040304040204030500
0c04fdfefdf50e0eee11f2fdeef902f5
0cfd02f903f90a0b0010faf9f5fefcff
0500f609f204f6fd06fbfc07f506fa08
f6fc1f0ef61deffefbf3ff01f3141107
fcfb1f07fd04f009fdf818fdff0e00ff
f2fc20110400eb1cf7130801050604fd
f0021b230102e70ffa1307150c1509fe
f3fe101ffa0cf20a03000a0b0513fefc
0bfe1e160307fc09fb030501040afdf9
f9fc14240c02060ffe07fd000516fffa
f1fc2a2214ff060202f8fb010812f6fd
ee012b080c16faf9fcf901fb050e0207
f5fa1efa0914f1020100fc090f0fff04
090011ee0512f2fe010a0402fdfc0007
09ff02ec0016f1fe010e0207fdf70400
06fc06f30f17fffc04fcf8f901f5fa03
0404fdef040dfd08fbfbfef8fbf7f900
0502f6f00c07e602fd01fff6f6f605ff
0ffbffff1109e8080102ffedf7f807fe
08fc05fc130ffb0efafbfce5f8f811fa
17010af30a08f216eee8fee4efee09f3
20fcfbf60b04e50de5e0ffdbf8ef10fb
0dfb02fa090addf2edd705f5f6f513fc
08fefdf30213d605e6df2805f3e50bf3
02fc03f4f7f8db16ebf2200bf8ecfae5
1102fbf60200ea18f6f602fc00f406f7
0dfbfff50007f51aea0307f4ebed14ef
fdfefc0101ff00fd0003fe00060201fd
fffdfc00ff05fe000000fd00ff010004
fd01000402fe01fc0101fffffc03fe03
000108f10816f7f1130af4edf3fa1110
f5fe25e7062aeaf508eb0400defa1405
f20425fc0629edf7f4e12407ea0809f8
ee031102071ef605fe02110bfcfb06f7
e70312120b13f60b0503110a09fff5f3
e6ff0b150b16fcf70b080c11100dfdfa
f70119131015fcf4f9fe0e0504100802
fe001c1f19151005f501fffcfa0e0bf5
fafe2121151709fafaf907fffc0e0cf4
f1fc1d150d1bfbf700fdfd0a010605ff
02010e11ff13070bfafdf50a05080001
00fd0700fd13f2fbf811f30efd040407
03ff0afc091dfff40005f507fff505fc
0bfd04f20d16fcfb0306f3fbfafb0902
0f00fef4ff15fcf8f6fef8fdfcff09fd
1304fdf40818e3fbfafdf7fcf6f611fb
20fdf7ec120dde0208eff0eaf8fe1109
1bfffdf41802fb03f8e501f3fefb0900
1d0304e11104f804e5da01e8f2ef0b04
1601fae60dfbe8fed9d704e2f5e80dff
1703f9fcf609ecfadaf010fae8ee0402
0b01fcf8ef0fde16e9ed2210f1ef04fb
0ffb07f4fb00d9250cf51b16f7ebf4ee
1404faf1fb03e81804f808f6f1f50aef
140107ea06f7071ae10904e6dee00de6
01fffdfe01fc02fefd0103fd0003fd04
00fe03ff02ff0302ff000105fc01fc04
0404fefefcffff01fcfdfd010400fcfd
f901fd0300f711ef1710fefe0601f900
f1fe17e30917f4e41806fdfff1ec120b
e8fb16e9121107fd201ff71d08f7ff06
e6030bfb0b1005f31d11fb1a12f9fcf1
d4050904001afbf711f209050a01fdfb
df031aff171fe1f30ff202090905f800
e7fc210d1418daeb00f90901040e07fd
e7021a100f18f8eaf2ff06faf9fe13fa
fa00201d0d0af804fb0b090afa070bf8
f6020d18fd0fff04f7060a03fe0b0e09
f8fb071d0516f90af10b0810fa0619fb
fd01030a001bf5feff0aff12f7030ffc
020201f50817fcfe0dfafc02f6f10bfb
05fffff11418fcf40204f809f4f60705
0900f4f30a14f9e108f5f50afafb050b
03ff04f3191ffcfb09eefbfcf0f1f8f1
10fbf5f51719eb0afaeb04f7edfd0cfb
0d04f0e720fdf104f0fa17fdf6f4fdf7
0901fde40dfde5f7ebf9120400ea0401
090305ec10f8f1fbe1f009efead500ef
0cfdfcea02ff070be6fc07f2f3e006fa
0eff0cf2efeef00df6fd0c02fae4fdf7
fefe16010efd0b1cfff81107eef8f6eb
12020805f8f40d0ff8f9f9fdf6fdeef6
07fd140cfff40f11f702eff8f3fdf4ee
01fcfffb02ff020400fe0002040203ff
02fcfefe0200fc01fc01fb02fe040401
04040403010401fd00fe03fe04fefc03
01fc07f7fffbfe00fe09f805fdf7020b
feff0907060a0210f8040d0903faffef
e1ff0bec15f8000c1a0107f511daf3ee
e70023d4f7faf5031b03f0f402cafc05
dcfc1e00fa1cff0009f008f7f200040f
ebfe130a1316f70b0bfe0604fd04fcfe
f50309041b0aeb050a13ee01f3f6fc04
eb04090e1214f2050614f804f9f40609
e901fd20050cfbf41000fc0e02130616
e7ff011eff00fc0615040e0c0405fc0f
ed0215120a09f208090e0509f100fa04
04fc09130914dc0004fc0203f3060905
1002020604fee6fa060e0cf70307f405
0203fd0e0412f4df08f42801fe03fbfc
14010a000c10eede14ed2005f800f8fd
19fefef20511f2f707e826f5f3eaf9f6
fc02f7ea1108f1fe00e32400f5dafefb
effe01ec1216ddeb070f1708f4eafff9
06fe08f6080bf0f4f8130e0cefecf8f3
f2020bef130df40eec0e0e09f9e0fce6
ecfe0ae4171b0623e8ff1102eadc07e6
ea030be208fb1217f9fc140fe8de16eb
ecff19e518010915fe001b01e9e80de6
10ff0a07fcf7fc0cfb03f305fe05f3f8
0304fb1002fc030d0000fdfef903f7f7
03020304fd02ff010100fc010203fd01
03fd0003ffff03fffffefffefc0304fc
0400030200fdffff0301010300010400
040101fcfdfefc01fcff0004ffff0000
08fe05fd0103f908060ffb0d0802f6ff
13fffee10600f729e7f6e1ecf1fb121e
0dff18d8e8e4f71ef1f7deeef9ee0f1b
0a041ce1f2d9f812f706eaf902e3091c
09031101f4dce3111321f60d0afdf306
ee022815f4e200f31f2a07241207eb02
fcff2d18fce013ee193206381609e801
02fc301afbef14e41f23fb2203fcee03
0303260cfb06ef000b110220f502ff02
ff021cfcfdfdfc02fffd101001fd0003
f1fb290301fef3f7201114280c09e9f6
0c002afafce6d9ee222d0d33110ce0fd
030021fc0bffebf1051d0c0c01fcebf0
100129010c06d5f51220102100f4e9f6
140122ecf4f5c7f81b160a1806e5eafc
110114f0fdf6da06170f071705f1f1fd
f40311f71d00f2112016280f06fbe1db
04fc22f007f7f4121426181706f3e0e2
f9fd2cf30607e017fb340a1413fee2f9
f4fc26f2100bea04033d05091b0ce7f2
18fd11fd0002eafefcfefef8140cf506
0a0302f60101f8010406f0050e10ee0d
0402000e070103fb07fe0af90cfcf3f1
fe04fe0200fcfd0203ffff0201fe0104
fc02fc00fc0202fd02fe03fe0103ffff
000004fe04fc03020202fe0404fffeff
04fc02fc0001ff03fffc04ff02fd0204
000400fcfc00fffefcffff030002fb01
04fe0402fd0100000000fdfcfc0503fd
fafff60c190003f907f207f70a05f6f1
fc04f012220701f418f218f51908e8e6
f1fef80707fef2fd0e110c0a090bf6f7
f10303f90202f2030715060c0c03f3fc
edfd04fbfcfff5ff0b0e0810070af1fd
fefff70a0cf605ff07150b140e09f4f8
fb03f90a0503010b1517131b1b09e2ea
0dfc0804fefef00c0916041e0609f7f9
070012fb0402f505061103180afffaf9
f4fd120a16f9e610120f14111009eee7
1d02290501eed70f1c300c212308dfe7
20fc1706ede9ed07070ff7130b070105
0dff1e01fceb01040d2507170e08f3f7
fcff0a041afaff131a2b11142008e6ec
1bfc10fd0beaf915162406182116e8fd
11040b00f9f103fc0f170c052413eaf6
fbfefef90503fd0bfe15ff101905f0f6
f7ff10fd18010214fd1f080f2009e7ec
f5ff0af923fefd08fe24040c1e03edf5
04fc06fd1700ff01021211050efbf4ef
fffbfc000000fffcfb00fdfdfe0204fe
fc00fd05020103ffffff010304040104
ff0004fe01fdfc02010302fcff01ff00
04040004fc04fdfe0204fefe0103fefd
04fc03fefe04ff00fc010403fd0104fe
fe03fffcff03fe00fcfd04010101ffff
fcfc0202010401fefffe04fd0103fd00
0005fdff0400fffdfefe0400fe00fd02
04ff000404fd030200ff03ff04fe0203
020100fffcfd0204fcff02fdfcfc0303
00fd05fefffc0305fe05fe00fffc02fc
03fe040502fc04fe010302fc03fd02ff
04ff02fefcfc00030404fcfe01030404
fc01fefffdfc04fd0103ff01000100ff
030203ff0200fd04ff0400010200fd04
0101ff03010005ff02fefe04fcfefffc
fe0303fcfffffcfb060e0607fef9fefe
010404fbfd01fd0203070b0804fdfbf9
00fd14fbfc03fe0813fcf60200f81709
02ff05fffc01fe020afd01fefdfa0503
fcfcfd00fc03fcff03ff03fc0401fcfd
fc020203fc0404fd0300fdfc040001ff
0301030101000401020200fffe04ff01
ff0201fd03feff02ff04fc0204fefc03
02fd0400010103fc04fc000401010101
ff0000fe00ff00fc0301ff04fefc0104
00000202fc0300fc02fd04ff03000003
fc0204fcfcff01000100fcfeff0300ff
fffe02ffff0400fdfefe010202fbfefe
fcfd04fd0002fcff00fefcfc03fc0100
fc04ff0303ff03000001fd000403ff02
000404fefb03ff0200040303fcfe02fd
02fdff00fffefe03fffd00fb01fefe04
fc0300fefc03fcfcfe04fc0203ff00ff
030101fffb00fffd0002fffd0302fcff
fffffc0301010304fb0001fdfe000003
020602feff00fffb0304ff0102fe04f9
fdff03020004f9faff0504faff040300
fc00020200fbf7fc090205fe030009f7
000906fcfb04f4f40c040cfeff0004f3
fe0a0afdfc03f8ee06090c05f90202fa
020307fbfdfdfaf80d06080403fc04fe
fe060602f401f7f8030c0902f90003f7
fe071805ebfdf4fc05120b000106fcf3
000a1100eafbedf8080d1001070301f7
020a0f02f501e6f608170d02f7fc01f6
fefaf50913fef311f502f3030d02f00e
fc0922050d02f2f71b02f5f804f8f6fd
fcfa1610ea01ef0618f00af6fbe115ff
0303180aeb04ebf814000efcf8f10df8
fc110df7e902eee61215110b0405ffed
031818eddf02f7e5191912020b19feea
fd2813e1defaefe3162317ff0d21ffe3
041704f4f9fefdf20b191900051609f4
011608fcfa04f9f70b160bfdff0f09f5
02140afd0301f8f3080f0bf8fa0608fa
fc01fe0300ff04fefd010101fcff0401
fcfc01fefbfefdfd0404fd0402fd02fd
04fc000002ffff01fffdfc0204fdfcfe
fd02fd03fefdfd0403feff03fe02fcfd
03fd0101010004fffe000003fd00fcfd
0404fe0004fe030404fcfe01fd03fd03
fe0503fe00fffdfefefe01fe0304ff02
fcf51a130301f1fe09f90deefeff00ef
01fb1e0cfdffeef70d0c12e8040e13e8
fc0402000100f8ff03fe030304fc02fa
fd0c08020001f5fa0c050703fe0005fc
01100d01fdfdefee0e070ff902fe0ef1
03120ef6ea01eae01d01030314fc1cf3
fd0c0af7ec00e8e418f4fb081fff20f3
040512e7f00fe6e91bf8fafd1ff621e7
fc1016e9f606dcf2250b0a0d16ed1ce6
040523feef0df6fd06f30a0a2ae617e3
010919f80608031204fdea1830d901ee
03120afafbfff61208faf31a23e90ef7
ff1a1dfd08e1edf52404e80515de1609
fe0c1bfc0fdee6f119ffe6f111d81c00
041202f40de208f51c04f70d1bdd18fc
02100df80ef109fb210dfe0118e209f8
fd0a15e212f602f81b10f8f70bfbfee7
fe0712db07f3f0010e09f4fa04f60cfa
fd0b11d7eff3e4000e01fe040a0008f1
03121ed6ebf9f0ed0e1b080317f801e9
020d13e5f9ffeae6220a08030cfb16df
010007f9f4faf3f80cf9fa0510f50dff
00ff0202f904f8ff00fbfbfe0b070707
00fe010401fc00fcff0301fe03ff0401
fe0304fd01fd0000fd04fd0300fe0004
ff0100fdfefdfc02fd0202fe0002feff
01fefd04010301fd040203fd000404ff
fcf413ee130cfefd02edeffc0c0d0303
03f71a142306f5f11af807ec0a1c15e5
0108fa180e0bf7e61e0c1bed00141eeb
fc0401fc0005fdf8090413f802e50800
010ffff503f8f2f01304030303e509ee
fffc02f607faedee0b0c1511e9ea19ee
00f604f71d09e0da16ef1300dfdf2ee3
010e01f10c12d5e416eb05e0f8e01ae2
fdfef4dd0e02efe102ed0eeeee0313eb
fc0109db0307eee409f514fde6001af4
03fb18e51115f7e312ec0a09e60c07e8
010816e80512e7f705ee0a0bf2f0f7e9
fe0c04f5fd13e709fef61afef7e2faf5
fc0907fa1500e00907f60ce3f6dbfafe
fdfd09021103f21600e809ed04d20906
01fb06100a08f41afff60bf6fced0405
03f902090ffafb041b020eeffa041602
04fd00f707f60af41c0608e8080e1dfd
03f3f20813030df2030912e6fc120f0c
fd05f712fbed13f60c1108f3f800fc08
fe0a0105e2e314010112fc04fefcf607
000b0405efdaf5fe042df50712f2eefb
010ff8fbf5ee03fd0d0bfe02fdf8fcf8
fdffe90cf910f5f3effe1200e90f0500
fdfdf019fc1900ea05000a03ed0a0af0
fc0104fdfe020202030203fd01fe00fd
03fcfd0102fe010301000002fffe0403
0302ff000501010100040403fb02fffc
fff311eb1313f800fbf2e90509100bfd
00e5f9f5211213ef09fd0608e9241ff5
00000cf80cf902ef10080804f10d08e8
0009ec0007fceafc0bfc030b01fdffec
030802f40419e90211e3f514f5f3fdf4
fe0df8f70e14f6070cec0705faeffaf6
0310ffe7150bdbf819e6f3efffd9fde4
ff18faeb1613e6f20efefee309c5f4e7
020dfcdb1b0bf8eb120301f905d6fdf3
02fc08cd0d1d00ee0bfd0406f6ee04f7
030003d80d130af401f7fa0afaebef04
03080ade050dee00fcf8f6e9f4f6e804
ff0b1cf00403e40307fef7d6fbefea05
feff1cfc1a0de70b0bfa04d6faedf207
fe0817f61600f911040200de07f5060e
ff031c0c0b0afe1f09f90ade12f00312
ff01040d0606fd1913fe04ea08f81118
fe0e01010df20309100102e10617130c
04fafb0305ea020a060802e3fc11130b
02f6e01006ef19f901090bfb000b050b
01fee601f1fd0f06f61007f3ff03060a
fd0ee113e1f30af4072f0cfb0010e8ff
02fdcd23f5ec19eb032215fdf90af914
fdf7df1c02ff04f9fd0f13f6e5010c13
fef8fe1a031dfdeb0c1b0df300fd13f7
fe0c0cfb00fcf3ef06140ef1010314ed
fffe0202ff010301ffff0203000103fe
02fd040204fd0003fc04ff00fc01fefc
000324e30c10e7ec1efbee060c1908f0
fcf9f2fd1221f2fe17010bf1eb1d090f
0114f7f2fd0de6f312010dfeec1509f0
0301eafc1213fa0b0be6f30a051e0ce4
000efbf8131ff8090ae4fc0afa1d09f2
0203edf61319fafd01ea030efa081204
040bf1f7091a0c05fbf2020d16f300f0
fefff7e4090e18020009081c04f3fbf2
fc0000d9ff120efb02130b09f3e9fef9
02f3f9ee030619f7fd0c0afef1def305
fe04f4f4010012fdf70bffed03e7f8ff
01f8fc03020ffbff030303e5fe00f4f5
fc0c04000712f5fa060808eb0307f800
0309fe010b0be70104fd02f600f806fd
040a04f9090af2080ff705f702fc0807
fefd0b0d0afeff0d17fe09f80103020c
01f204070505ed160bef0cee0502050b
fcfc080105ffe915040609effffe060b
01f0fc0608fbf80a080e03e1fbfe0110
fdf8f7fff403f906fffefae109ff0119
04fcedf6f205010df603fae0050a0216
0207e5e9f60bfefef20a02f1121bff03
0309e9f9eff606f0fc2800eb0f17f406
fe03d818f21d0d08f71a09f3f7f0ee16
fd05f6160a0901df221e17e0fafffaeb
010cfefc00f602f0061715f9ff0516f1
03fc03040100fc02fffe000004fefcfd
01fef0f50e0ff5f60ef20805fb01130a
fff5e714040d20f0ff01ff0bf30920f4
030304eafd1fff0f11f6f6fdf10909e6
030ef2f2000f03fb0cf50e0ff71011f3
ff0ee5f9162613fffdf41609070f0cfa
02f8eeee1428030906df0907ff0b08ff
02f0e8f20818fdfe03ed0e0aff000402
00f2e0eafc0f0feef7f60b0d01fd0006
fef6e7eafe0d1cfcfafc0b1ffdfa0b08
fdeeeaee081604ff06fd0302f6000f03
00efea03ff1109030cfe05fbf7fc05f8
fdf2e50af90f080200fdfffb0800f6f9
02eeeb0bfe180007fcfe05f60709f4fc
fdf8020e0410fc06fc0212f40600f703
01f906150606ff0600030b0703f60206
02f61511fe01f70900000b06fdff07fd
ffe51d100007080cfcfb0705fc06ff01
03e31f0b010cf517f9ef00fff308fdfa
fce80b1105030716f0fc0cf804090900
fee6040e06010313eefa07f8040d03f8
04f10204fc08001ae0f50a030807fefe
0303f401f9081115e2030bf913100309
fe13ebf502f212fee90e0ef21a180014
00ffd5fc07fa0ee0051d10e90d15010a
02fbd815fd110ddd121800ebf9ddee05
04fcea0c1b0510dd15180507fe0fec06
030e05f20106f3fafa15f7f4120702f2
fc0100ff01fd04ffff03f9ff080200f9
fd00eae11518f5eb07e80312080d1202
02fde10ff5111ffeee01fb14fe0c22f9
fdeef0ecfe1d0319fff1f812f00d13f0
fdfdfbe3090aff06fae9faf8faf80904
fdfce8e80c0a00f7f3eb20f304eb041a
feebedf80915fb10ffdb0cfdf9e7000a
02f1e1e8090efdf102de07f802f10d05
fbf6e4ebf8110ee9ffee14fff6fb0a18
01f9edf4fb0b0dfb06fa070400f71308
01f8e004051200010908020305fb1604
fcf8e10dfc18fdfc110307f9faf30804
fcf3f00bfc1402fefcfcfc0a04fc05fc
01faf514ef120705f6030b0801f8fc00
fc0201fffe17fef5f4020602fb030304
fbfc0f0bf90b0fffe20209fd05f2f801
fdf01309fc170c05e1fa0bfef703fdfd
00f4150ffa110f06e6fc09fffd160cf9
ffe91a10fe0c0813de0504f0020b09fb
ffea120d0909091acf0306f4fd0914f5
00f5090505030717d0f605000a0d13f7
fffb0c05fdff091bd2f7020612070102
fc0a060008fa121bd40405f81613040f
03f9fe0415f01a08d20d0ef7191f0009
fc06ea0406ed0ffffa10160104e10514
0311f51b05fdfdf31a0f0304e6d5f90a
0000e10015fb14e4fd22040dfe0ffa0c
020805f80704f6e7021e00fa030307f6
fd21eb0e0004f9e7ff0a1afb0004fef1
fd05f9f0061401fd0aedf0ff0efd11f3
00f8000e000d2011ddfd091df81a2509
ffe407f80bff0500e1fe0612fc13050e
fb00ede80501fef3f9e4ff020be60a0a
0005e8eb06f707f8fade08f411df0c07
fdf0edff02f00608fdf902f01ce0f7fc
02feecf107fc0bf6faf0fcfc1af00700
01fcf4f4f2fd13fd02fd070606ec0cfa
00fff4fdf3f91402f70604fd06ed10ff
03fef30afb08010005fbf30d05ea17fd
fdf4f613fb0802f503000313fcf018fb
fff2f513fa14fbf1f2fe011809ee11f3
fefbfc0dfe0df4f3ef0cfe1110f00dfc
ff0402feff27fffce6fcfe0308f70ef9
fbfb00ff021f10f9cdf704f7050401fa
03ef0d06fb1d0700ca050ef9f50ffefb
fef7120203180100d80405f5fa1708fe
fcee1109050b0315dc0303fcff0f0901
03ee1a010906f50ddfff01fefc0510fd
fc020b0210090611ef000700040912fb
fd0711fc07011112de050917070ef703
fffa05ef13041009eaff0317010c040a
fc00f90615f902fff5fefcfd10f1110d
04ecf42211f714f5fb14140203e3f311
0406ee1d19f91bfe17211311fef2e91b
04fcee09130708f90c29fcff09feea13
fdf9f513050003f61013feeff607fa05
04f6fffd02020bfa02fdff0c030b01fb
02e5ebfb080b05fdf6f3f7150e1a07e9
00fd08fc0b040ef2e4f60e1f0c151e09
04ef0aec06faf9fcebf905080e15150b
03f5f1e607f6090011def30303e80cf5
ffffd7eff7e6050504da030400f213fd
fcf6f7f704e20603fd00fd0613f409f2
0103faeb03f502fe02f9f40408040efb
fc07fef1faf513fb0904f810000812fd
00f504fafef516fefa12030801fe0efc
fcf00505f3fafe00f303f819fcf20bf7
fefbfb0cfbf808f3f1fc072100da1bf9
fef4fe1400fc06f5f3ff071e05d920fc
fdf9040a060ff1f7e201fb120bdf0000
02f8f7f90e1cfff2e4fafcf71202f6ff
02fb07ee071503f2e6effbf80809fcfe
02f905f3031301fdecff02fbf41304fe
03f2fcfc0a10ff0be1f806fdf41d0302
fdf506000704fb22e7f5ff07ff18070a
03fa18020bfdef1de6f90205fa10fb0d
fd0c10ff0b070521e5ff0b15fc0bfa0c
fb040bfd0dfc1011f000fe1c100af20d
01fb04eb1c100603fdf6f112fb080613
02fbfef90b10fc08f902fd0601f2fd10
fcecfb2f0afd0e00fc140f000302e1f8
fdfdeb2f150c1def0c1a0bf6fefed515
02fcec1804eb0dde1f09fced1e00fb16
03f1ecf00bfb16efeeeeef0e0a1314f9
fffd01fb06060cfbfff9fe13040a06fe
00f7f9fa050606fb0200f603081300f8
fcfceff308070b0403edf4080a110bf4
03e7fee81709f907fdf3072ef6071607
0300eef00ce611fb08e8ea0af1020bf6
0204f903f4dd0a100ee2fb0bf90a0dfa
fffcf8fcfdeb080efcfcf90b100a0efd
0300fef8f4ee0a00fe08fe1008000706
ff0602f6f7f715f904140819fe0c1103
00fdfe03f7ec1ffdf00c0d1d00fd06f9
01f7fe08fdee11eeed040514fee30706
01f50a09f8f00400f0f7fd17f7dd0206
01fe030b05f8f7f3f0ff010bfbd1f105
fff9f8031007f1f6ecf8f9f70deee5fa
fdf202fb0d05f3ecf2fefae60e0edbf8
02fd05f4050503e600f0ffe90d16f4f2
fcfbfcf1ff05fff105eb06f0ef1b03f4
ff02f5f90a02f111f9fe03faf2110203
fe00fbffff02ee20f6f90307fc1af507
04fe0afb07f6fa22f1f6f80b0120f20b
03fe09f700fa051df2fffb16fc15fb0c
02fa0900f2fd041000fff0120a0cea10
01f010f6f60e0317f701fc140611f40d
fcf71404f508f00c0c0a0504f10cee0d
fe04f329fbf807f61a181402021eeff9
03f4db15050120f21f08120cf01ffdf6
00fce71b130304bd180303eaff0b060b
01f8fffc06f906f7f1ede20419071703
03fc00fd070a11fefcfff613070a07fa
fe16edfcfd05f8f7f9fd04eb011309f1
ffde10fc03060d1506ebed1bf0f9f6e9
ff01e5f0190603ff08e7ea12e9240000
ff04f6eb1cee0bf306dfe70eef25f2f9
01050001fed80f010bfaf416eb11f6ff
fe01fd07f1e81204fe0c040a0900f805
01020f05ebed14060009fd161615eb05
010905f3edee2005f2080b240919e609
fc03fff6f2ef25feeb0d0a0d0ff9e004
fe010a01fbf61e02f0000102fdf9d706
01f80f0aeffb1300f4ff00f7f9f5ca04
02f4f71008fa0102f00b07eb0be3adf4
fee4ea070cf9ef00f714fad31208bae5
fceff7fe0cf2f8eb030dfade141bcfe3
fffefff803f207d509f4fcf70d18eee8
01fd010200ef03df15ef090a0009fff9
fcf0f2fefff9fb000ffe0e0ef01bfcfa
02fc00f80afff6110bf80310ee1ef0ff
ff020600f6f7f51dfffaf814fb10f70e
04f71bffe6f6f322fef9f0220908ef02
03fa1406daf8fc1a0107f8150a0bf309
fcf11a03dd000210f902f7190810f302
00f2161cde04f40b0b12fbfaf30eeef6
feff0839edf3f1f71c2906e7f902ede9
fb03ee28fceffcf51413fd04f015f3ee
01f6ef2a0a15fdd0fa2702dff50dd107
fceb03f70100f6f916e6ebf9f723f6eb
fd0400fe03050701fdfefd07fdff02fd
0303f5fc05040901eefbf602030104ff
03e40f080c03131008eff82bf50ef2f6
ff0be70018fd12f80debebf7f826e108
fbf818030cf0080b01e7f00de41ad6ff
ffff0b0700ed1004fdf6fa13e604da06
02001309f7f70d0dfb0b0f08ffead10c
021004ffe8fb0dfdfb13fc0a170abc09
fb0c02f8e4fa1c02f505fb0c170ab6fc
fb0702faedfa1404ed06fcf016faaa04
fc0d0afbfe031f05f90a0cf70000bd0b
ff0a040dfbfb14f9f81004e5f602c0fd
0003e80301fffa02f51404df0300c9fa
fdfae80702ecf3f6051a0aea0913dff0
03f7fbfc0ce001e51d0aff02081ff4e9
0002020206e80cd01bf500240617fce9
0006fd04fdf005d821f6fc23f80a01fb
01fa0304fb00f7ec14fd0813ee14f502
fef70204fd01050610f90d14f8110105
0000050ff6ee002206ff08150601f11a
fe000c0ee9f9fe19020201160ef1f612
fd061411dffa03150112f51505edf10e
ff11220ed8f6f9120207f70b02ecef02
02fa2823caf5fb07ff1e09ffe3eef7ea
fc12060fd6f8f0f80217f8dd01e1f1ec
0207d905ece8ede00af4edecff0f09ec
fce1eb130205edd815effae3ea23f1f2
fde706e10403f0fd24dce008fb2303e7
000a15f108f8f301130bf2ee060aee01
fd00f6fa08010203f8f9fa05ff06f8fb
00e5f4f1080908fe0bede92e051f05ea
fd05f7fb16120bfd0ff2f8f6fd18dcfd
02f91102f6f8051af5f1fb16e11fa5f7
010104f9f6f61807fef80408f70aaa04
020f08fafdf90909fc040705f7fbae08
ff09fb0bf7ff0e0a080e0806040aa201
020bfefeeef80d12fa0cfc081003aaff
fc07fa07f9061503fc11feeb150bc506
03070302f6071ff9fa0903e6fc10e003
000a0a00fefe12f4fd09f9e3f509f002
0102fa0afff905f6001807e4f30a0406
01fa030407ee03eb11130cfffd170b01
fc0009ff0bf101ea1a08ff15061013f2
ff07030b00e608de120500240e0205fb
fbff030b06eefcdc1101011701ff0cfb
0000fbfd0901faf602ff0013f405fd01
fd0801f902fd050b02f90e19ff02f705
fe0c04fffcfaff1b03fd0e1402fbf00d
fcfdfbfff7f8061005fbfe170ffcf217
000a160af002051101fbf61403f1ff0a
03132421e0f0f20c040804ffffcffbfe
010d1519cdeef6fd071018f4f5cf05f5
010af3fed2f3f7f20bf306f1f2eb0cef
fdfddbfef3eef1f509eff1e9030709f3
04fe0afd00fddcee1ce5e4ea1018040a
ff0107fafbfdecff14fbf4fb16050506
030ffa090a0615f4080c0bf209000002
00faf3f208ff07f1fa030211040407fe
fef8f3ea060d02f406f6e50d030c04e7
0006f8f20b1bfc011cf1ec0a0e08d6fc
fffd08fa06fe060effee030efb10c900
fc1a05fe03000e06fbf903f80c0ecb0c
fe1d00ff0200fe0b050002fb07fbd40c
000ff50dec0506170309070504fdd0fd
0011f700f8050611f605fc030309e1fd
fe08fcf9fd0a0d03f50cf9f9ec0306fc
fe010202f80613eef80aeff7eaf71500
fefe0908f3fd11eef708f2f1e9021503
0105fe07fbf907f9fb0d08faf7131c0e
fe06070508f2fef509070307050f1f0e
fb10060413f7fff317040011110c1701
fb0a0a0a07fc04ea1100021c0b030d01
0300080400e9fce30a02ff10fefb1005
fd03fafc09f604fcfd02ff11f4fc0803
000705f607fb04190bfb0b17f3fc04fc
000400f902f80d2405ec041908fd03fd
fdf209fff8fb081a07ff0914fe05fb02
fefa1bfdfa06ff0d0cfe0c03fe06fe01
020f1a0bf1faff030b0a0d0204df06fd
fc0bfe0ee7fbfdf8ff060ef3fecb1ff6
0208fd00e805eff9fc0c14e2fbd727ff
021af5f8f1eedf000d0ef5f108f50714
ff0322eff712e40a1ee4e1e223f51711
02ff11fbf909f4040af4f6f510ff0b06
000af80b070b18f6080304f806fc0602
00fbfbf9080503f4ec00040cfcff10fc
fc1d00f91404fefc17fbeaf003ebf10c
0120f400ff0d050812f4ee0913e8e118
fcf8f8060b0004fb04e710fc0908f913
03030a03f605fe0702f00eee0c15f801
fc0cf70afb04080807f50a00ff040700
ff1bf308ee09fa0ffa060901f2070bfa
fc0ffc00eb00f911f20ffcfadffd0803
fc0403f4eefa0207f20debf1e2f21300
ffef0bf9ebff14f9ee0dfbffdcf220ff
01f9fdfdebf51df3f40cfd06fefb15ff
fd050301f7f50cf9031404fb0916150d
041709fa0feffef71b04f4060c131109
0222030213eefcef13fbf90f17080305
fb10000808f2fef004fcff2105fd1008
fc0f0a0905eff2ed0809f805f4fe0512
0000f50502ee070607050811f2fd0804
fe01fbf904f5061604f90c0bf90608fa
02fc06f8feed032905f50914f7fa08f6
fcfb05fd0bfffa1409f10608000101ee
fefd0efb0b0708080cfa0810f6fb0eeb
010905040df41000f205080a01e514f4
fd06040bf9000cf1e80516ec06d12dea
02fe090df80ee9f5fc0017d308cf34f2
021cf4ffe9f4e3e7f70701e611ec0afa
0408f3dc05160313f4eff10c1ff81612
fc0c0df4fb1ef00b1df4f4ff13020705
fdfa0100f6ff050a04f8fc050100fdfe
03f5f7f5050102f9f407040b0a050ffa
0017fff81300fdfc2002f7eb07e7070a
0418e3fc0d0bf9f814fbfbfa10f3fb1d
fc02f3010c04e9fd08de0a03091d0b12
fd060a02f706f40a01ea0cfffc1c1afe
ff060509eff5fd1207ed0211f3fb2a0e
fd12fffeeefdec0ef8f3f704d7ee250a
0109fa02eef3f505f305fefac8f61301
fffb0df8e7f4fe00f3fcedf3e2e61304
ffeb09fdeaf70ef5e909f2fbfff711ff
fceb08f6dbf314fdec18000719f209ff
fbfafaf4e3fd19fd0610080517080e0f
030cfbec06000bf91efdfb090d180d0c
001df70004f3f6f519fef91110fd0010
ff1af40a00f000f90ffff90afefd0110
0013020bf8f6f6000f05fcfef5010112
0201ee0dfff4081815fb03fdf4f7070b
01f9f2f105ef0b1f0ef7070afe040df9
fcf9f5e608f40b1a03f6fe0afef717f0
04fcf5f608f706110df0070606fe03ec
0004faf20d0409050fe8fc08efe60efc
fef502000ef514fefefe0efee9d60df1
fb0a00fefa0104e6ff020ae506db1de2
fe04f6edff12f6ea030e0ddc07f22cee
fe35eff1eaf9e9e00f0a05ea0ef103ff
ff16fee6ee1ded1effe2e2ec20001714
fc0a0dfdfe22e61a10f0eee807110a09
04fcfffc0404fe03fe03fc02030102fd
fff4fbef0c0300f4fc0304110c0717fc
0012f4f30fec04fd170afcf807e50e14
0207f4fb0b02f4fc1ff603080df21111
fc09eafb08fde9fd09e807fef3181117
0307f509fceffc0105ef06f7df111c09
ff03f719f9ebfa0d07effefad5f32108
000a000c00eaf509f5fa0ef3b9f81308
fe08020bf4e8f110030205efbde91101
03f30810e6e9fd05f60cfae1f0f80502
fde41101dae6040aec19fdf920f50702
00effdf8d9e90801ee1c05fc32fc0907
fefbfaf3e1f30104f60c00fe23070710
ff0ef9eef8f504fb08feff04110b060f
fc1df704fbe9fbfc0ffef1fd05090206
fc14f91002e9fdff0d00fe0af6fe0502
fd0ff80f01f0fa070a0601fcf509fd07
fffeec060ff8061413010501f8f8fb01
fc00f8f403f50d170dfbf9030ef8fff3
fcfbf8e60bfc030c0bf2ff0108fe09e7
fd0cf7f505fb07040cf9f5f513eefae8
0315fbea0efb000005f3f70401dafef7
020602f80afa0bf9f8fc02ee02e50ff5
0109f6f40c03ffecfc0c0ce10eff11ef
0006fdf4030d07ecfb10f5dd200c10f6
ff2507e4d91df1f912faeffb2617fffa
04fe09ecf5110006fcebeff01c1b1307
ffff0310f908e226f1f70df30f17edff
fdf20afbf612f10002f0f200fa1603f0
03fc01f90705fdfc02fe0200040403fc
fffdebed14f60af70c00061405fd1e02
000ce9eb1ffbfefa2bf30910faf52914
fc11f10210eff70014e7030ce5110317
0203ed0e07f2f9fa19f608efc6021a21
03faf11900f3f6060bfe0ce9bef30d19
fdfcfe12f8eaf21108fe0ce8bbeb0208
fcff0b1101ebe714090d0de1d5f90400
fbf4190bfbdfed11fe1604d019f30105
01e815ffedeff50b061505e325f90c02
00e5fffcf7e6fb0bfc1415f51b091104
fe0df3eeebf3ff00050e17f61a110f0e
fe18f7f004ebfc030dfd01fa0c1d0910
fc18fd0505e6fef71101fc02f413010f
fe15f80d05f4f8fd0a090206ed07fffc
fe0ff1090903fb0d0e040800e7f908f9
fb07fe020c0af92113f9f803f8f3fef1
ff11fdf30104fb2004f9f3fd05e9fff3
0000f6ed08fcfe1202f7fc0006d611f6
010cfbf70ff703fcfffcf8ec11bcfbef
0411fce90404fe00fdf404f804c0f7f6
03fc10f5fc09fa03f3f1ffedfddb00ef
010313f50201e8f2fe03fbcffde5fffa
011704f4060af0f70b0be8ce21fffcfd
ff2913daf827def431fceaf82a1206f6
02f812f7ec1e120affe2eefa1e182100
001416e6f725ed1116e8f1f91a120aff
000709f30b00fb010405f5fd0411f9fe
fbf311f80014f011faf1f402ff1aeff1
0305f4f2fd0a01fc16fa060a00ff10f7
fb0cdcf21c03faf40af01800eb010a0f
0009f1fc0ef4fc010aea0909d302060e
fd00ee010ef5f30109f70ef8be0a1017
04fdf2060af4fb0908fb00facf020e0a
02f7fa00fcf4f01707000000e8f90709
fef1fd0805f8f013070d07edf4edfd04
00f40bfe04f0ed10140801e41ef10601
01eb1b0703ece40f160c0dde2cf109fc
fd0303f808f7ed0b180d15f02f0515fd
0206fbfb0006fc0810fe14e1181407f9
040ffcfc0905fefe10f302ef0722050e
fe10fd01040206f108f80905ec140707
0312f4010605fbf9100807ffeff7fffb
0312fd030effeb0d1609fcfffbe8f8fb
fc1afd07100ee9110806fef8ffddfffe
fe10fffb0104f711f60904effbde0308
fc0302fa07ff050af70005f0ffb80bf7
fd0efcf1070606fe000506ef06c703f5
fc0607ea0a030001f7f209fbf1de00fa
00ff15f90104e704fcf9fce1ede3f4f3
03001a0006fceaf10701f0cd06f1f500
020311f91002f6fa1411ecd30e0605f9
00180fe80f0fe5f63a0be3f01b1605fa
041208f1ef15e70913eef6fc180d090d
fc080eecf715fa0510effdfc0d1b0ffa
fdfd040100ff0204010002ff01ff03fd
04fc15110205fa11fd0c0c00fe1beef5
fd1006fcf00ef91213fcf9fdf9ea0413
0401f9ed030df10e14eb0304f4fa1317
fe0502f509f5f0fe08eb00f4d700f70f
fcf507090af4f80c0aed05f9d40f0808
fdeefa080dfcf20902f7f308ec130c09
03fcfafefafcee08f900faffeefffb07
00edfe100707f9050f0408f702f6f807
fdf2040701fdf503110711f307f20af4
fffc0f0afdfaeb0a16010de927f604ee
ff0b07020704f90714ff07e82d0bfcf3
ff1007fcfb1bff0610f601e6201af3fc
02070203fc1dfff015f314fbfc2bfb01
fe0900f5021204ed11fd0e0df41605ff
fe09fef9061404f31007ff03fae9faf6
0214fdfd0a11fc0a020af803fee6f905
0315f8fe0b11f30ef811fcfafdd8fd0f
ff1907f00e07f20f0102f8eff9c4040d
fe0c00f3ff03090cfe07fde2f7bf0402
011303eb0cff03fe000404e5f7defe0b
021208f40700030103fc03f0eefb0208
000013fd010104ff03fcf8e7ee0aedfd
fef414ffed02fe020bf7ece6fbfcec0f
fdf126faf6fafc0c0f01eee8ff13f600
fbf322faf1ff02031b05f8f7120f15f2
ff1909ebfd11ea0c13f1fd05060d1106
fe0a09f8080500fb0b0200fffb0ff1f8
00050aed0a04fafd1105edff090dfdf5
fd0a0afdfe07f60903f8fd12fd100504
fefc16fbf221fa130e02f3f9f5ea1515
03081af2f60cea190ff2f30500f50013
fc0d0f000904fe060be1f5f5e2f6e413
fefd060512eefd16fbeff3fce404f7fe
03f506070af3f707fef3f400fe10feff
02f4ff0604f7fcff09020505f30ff108
04f80108fe02fb0506fb0407fd05f202
00fc0614f3fff9050afe00070d02f2fb
02061209fd11f70912ef02040ffff9f0
0207ff0c0011fb0114fa0ef51006f5f1
03060702001e02fc17f80afc0d1602f1
ff0d0c03fc21fcf219fd0dfef91705fb
fd100bf50219feef11fe0803f60c04fe
fc1500f30a17fcf4070b07fff5e2fefe
fc0a02f30418f80e04020301f4d606fe
020f01fb0a06f40c0209faf0fbc2000c
fb0d0be70a0df3080a03f5eaf7bc0404
000900eb0305060507f9fee7fabf0b03
0110ffe40afd09fa0805fde3f9f0ff04
020efde505fd1a0204f5f7f3fa020d0e
0110f200ef0f0d0ff4fc0701f30cfb14
02fdfbf9d71ffd0ff7fff2f10602f41d
01f210f4f1110b1006fbecfdef11fb00
0403f906ec0e08f4180209ec021022f6
021df508f90ef1e7f8fd12ec0c0816ed
ff03060301040203fdfe000004020302
fe080dee0d05f8030e04ef00050904f6
fc080ced0901fb0302fffc08080d0afd
fff608f1f51fef0e14fef9fff6f60c08
000c090cfbfcf9fa000206f30100f907
0209060b00f903f712f1f701ec06fd09
fe0b17f4ffffee0c04f4e4f9f70e00fa
fc02140afe08e813f4ededfa0115f5fb
fef6050ff501f412f4f6f8030511f3fa
fdf00c0bf30bf612fbeff90b0f06f6f5
02f8110bf30ff90605f201fd0d14fcee
fb000e0bf80f09060ffc05080812f6f2
fbfd010d060ffd0004030c040c0bf101
fbfe060dfb19f90101000c030a0ff7fd
02020e04fb14ebf903050ef8020a0903
fcfc0e03000ef8f4fd0708f8fd02fd02
000203f80918f8f7fe070bfcf9e205fd
0008faf1091601fef10a08f0fed20e05
0300fbeb1510fe07f30400e9fad00a03
fc00f5ef160d0006fd07f9d9f3c1000c
0411f7ed0c070e07fe00fee8f6da0a07
ff1000e205f6090602f8f0f000f0070c
0212fadafffc090dececf5fb04090417
fe06f0f3e4190814dbf40706f713001a
01f6f200d71302ffed0601fa06000014
04f00404e6001910f101f6fdfdfe0816
fefdf004f10808fe030c070cfef61b04
fc03f5050c0d10eb150f11effb1b15ee
0000ff00fc010002fa02030200fefffa
020002fdfd0204fc01fd02fc020402fd
01010400fe0301fefe0403fdfb03fd00
fefef8ed1118eaee0b02110ffff80a14
fcf8f40f12fe16e10d0920fdebe50817
fc02e012060803dd18060dfbfb09110c
03f102ff0108f7ec14050004eb0d10f2
03f2fcfdfe18f40cfe00f421050708e9
feed0203f613f11bea02f81708060ded
04eb0b0af607f90ff50705fa06fdfc01
fbf406040112f903fd04fbfb170a09f8
03dd010a05190b01f2060bfb0907f601
fde30303071e0201eb0a0cfc0a0bff06
fdfe0408fb16fbfedf0cfaf51507f9fd
fbf30b03050efcf2e60a04f40dfe0307
03f8fffd0613fdfee70a0cfd06eef50a
fcfa05f7120ffdfcf20d01f0feda030a
01fb00f90b0901f6f10801e805cbfe10
fefff8ed0b0dfdfbe608fee300c00016
fdfbe4ec10f50e00ea130be9f6cd0015
03fef3f206f20b0aedfcfaf311e8fb13
0309eeeaf8f5040cfdf1f5f60100ff14
ff0fe4eadc011010f3f40a03f7fef220
04fcfcf8cc10fe0becfd0605000dfa20
fce8f30cdd1110fdf1fd0b030909011b
ffdf050101fe1010f504080df50bfc09
fff2f006f90d0df80a06090bff0511ff
010305ef0e1510ec2103fafa051219ee
010001fc02fcfffc010402000405fefe
04fc00fdfcfcfefefc03fefefdfe01fd
0404fe00020301fefd04fe0202ff01fd
ff00ebf900140405f704f80dfb0c1300
fdf3e2f7160c0fe2f7041b1dec022307
04f4fd03022e04fd0813181ae91828f5
fff9f8fffd2708f71008110cf83001e0
04f8f3fefc1ff805fb03111c0a0df4e7
fce6f203fe11fc16efff1316ff0bfaf1
04eb0109fd0bfe05e90b0e06fa0b03f7
03f1050106170a0fe31508f9fe020604
00e80b04010e100be51405fa0507f4fb
fdf0fe03040c0805dd0b03ff1700f805
fde8fc0d060ffd08d81a09ec14f4f004
00e2fe0f09150af2c90614ef02f7f00a
03f5fe040b190befd6f81af502eaee1a
ffef0008fb0a01eae5ff12fffde4f611
fdeaf905f5f314e6f6071506f3b2f816
fef0f1eff20901f5f6f70df8e4b70f0c
fcf1e7f4ef08fff8df0e0ae500c1e91b
fcf5f2f4f1fb0f05e6eef2f30de4ec0a
02f5fa0bf4ec190cf5f7080c07e3fd05
0007f0efecf20b0bfeed010afdf9f21a
fffafbf0ebf80f14e9060a040607ef13
fde70205edf8150be00b1cfb0806f10d
01f2f805f616fa04f50409ef1a060c01
020ff9f2fa15f7110ef2ea001012040c
fe0701f70813f50407f3ecf20c1005ff
03fb0001fd01fdfd03fe03000101fc01
fd03fd0302040401fdff000200fefdfc
ff000403fc01fdfd00fe04ff0001fe03
fef90f0301f9ff090311100bfc01f80b
fcf9ea07000c0c0cfffc01f6220a11f0
fbeff0fafa0f1d12f4e604300e1ff8fc
04eaf4f1fefb1509ebf11a4af31cf201
fff1f7eb050ffa01edfa0b0f08f4f3f0
ffe4fff50e1c01fff700070c02ff06f6
03f30de21e1afaffe102f806fc130af3
fce304f01e19050edd05ff05f40f03e3
01efff0a13040c0bd5011cfffffa04f2
02ef070f0c031909cffb130809f602f0
fce006f9250efd00f2fe02fcf8fe09f9
05d507071e0403f5e0f70feefdecf701
02e90f0e03f906f7e7f3f7f4fce3feff
fff40319eff605dfe6fb02f5efcb0a07
04db061df5fe0dec08040b06d1c3120e
fce1ef20e3fe03d905ff00fdf6cc0404
03eaf60d00091be8f6070c00f2ddf105
00d714110f1212faf60413efe3e9f4f5
00e0121802001113f70913f7f0f4f9fe
fce90512f5fe2311e7ff1bfdfbf1ddfd
00fefc0b06fc2afcee191ff50a09e204
fefcf30809ff2bf5ee182cec120b0305
04f2f10805fe1cee03151ce60efefee5
fcfc0003f8eff90e08f9fefc0600fc03
ff09ff020300f70a05fbf9f804040608
00fffd000203fd020001fe030100fe03
01fffffd04fc040404fdfcfdff02fe00
04fe04fc0304ff000101ff01fc040100
02fc02fc05fc02ff04fd04fe01fefffc
01fc0c02fd060107ff080405f70f00f9
fef4081df3dc101c00111f15f2e8e315
fcf30f17ede0161ffefd2522fef4db0f
fced0b0befe61919f900173a00f7e20d
01e11300f0fdff15fa0b0522f913fc04
03e60901010bfe10e407f213010eeb02
02e2100cef02130bedfcf720f510fbeb
01d91001fe0b0001f6f8031eec0d00e9
01d80b0ffa0104e5fd020af9f3fb05f3
04cc091bf00713ebf40a16f5e5fa04fd
00bd0917f20d12f7effb050bf70404f5
01cd2112dc010f04e2fe0019e9fd06df
fed20806ec0b04fbec05f60ee50421e2
01d1150ffc1402fcec070417df010ed3
00d40a0deeff08ecf60e0605ddf907d5
fdd5ff01f90403f7f514fef4d9eeffdc
03d207fc062702050ff3f4f6d7edf7d8
02c60e0dfe090d080ffa00ffeff7e6da
04d3050ff2fc1f1a03f1fc150006dee9
fedb0001fb010c1a0bebf3180311edeb
02f0fd0bfe07fb14140dfe1706eefe00
fcef050a04fcee150301f7120cebfef6
02fef2fa08100efd02fcf9070d1408f0
03fd0101fe04fe02ff000303fc04fefc
fd01fd0501fcfcfc00fffdfd00ff0302
02fffb04fd04ff0201ff0301fd010304
fefefc03fefffc0303000302ff0203fc
040301fc040303fffc000403fc04fe04
fd0102fe020202040203000004000301
ff01eef40c090cfafe00f5090c0d0bf4
04fee4ed101425ee02fce51c202008f1
fffd0a03fc1e000efe03f9ff0d2005f6
fdfb0a0cfe1af90c030d0a03ff18fff9
03fd0c04fc0cf710fb000305031b04f7
fef609fefc08050ffc00f404f71310f9
fedc0a02ee101115fef1ef0e0a1f21f5
fddd1312f2000817f5060705fb132403
04ec1413f700fd16f20b05fffb040afa
fde208f3010806fff8f1e90a033010f1
04d1120eee0cf7f9f5f2ef12fb210fdd
00e2f214f0eff9ebfc070412fb0a1ae3
fce5f912f4f7faf60f00fb12ff0315e2
00ea13fd0003050708f5ef1dfae71edd
ffe7170afbf40e16f508f419f2e813de
fdec0c07f3f8ff1af106f7170fef01f0
00f00b08f8000912f2fcf81803fdfe00
00f407fcf601031901eae926fdffecfb
fff801f7fbff0b16ffe9ee1400fee9f1
fdfff8f6fe0403f701faf00c03ff06ea
0203fffe04ff0404ff03000300fc0402
fcfcfc000202fd00fc05ffff00fcfcff
01010104fd02fcfd02fb0203ff0103ff
fd030204020200fdfe020302010202fd
040004fd00fd0403fd0403fb02fd03ff
0201fd030302fdfdfcfdfe0201fe03fc
fe020402fd0000030102fcfdff02ff00
04fd00040204fefc01fd03fe01010203
fdfffc0301ffffff0202020100fffdfe
0301ff0400ffff02fe02feff03fdfd02
fffefeffff05ff04fc0103fefd00fdfd
fd0402fcfc0203fc00ff030300020200
fe02030402fefcfefdfe02fcfdff0400
fffcfefcfe01fc04fd000401fe0002fd
fe03fd0104fdff04000004fbff03ff04
0402000102feff00fefcfcff00fd01fc
f9f5fefefbfd05ff09ff07fc0205fe06
f3fc0101fe0304020afc0dfbfc03ff04
08070d070609020d02fdf10103000cfb
0303060001020003fffefc05ff020601
ff010300000000040400feff01ff0104
fffc02fbff0301fdfcfdff0003fcfc04
fcfffdfd02fffdfe04ffff010104fc04
fdfdfc00fbfd0001fc02fcfd04fcfe02
0100fc0401fd0002030002030202fd04
000204fffffc0204fcff03fe0000ff01
03ff0002fffd0002fffc0204ffff0003
fd04fdfd03fc0001000104fd00fffefe
fdfe04fcfc00fd00ff02fcff04ff03fc
04000202fffd01fdfeff030300fffcfc
0101fe0303fc03000001fefe0202fe03
fffdff0001fefd01ff02010105ff0004
01fe0003fdfdfc0203020000ff04fffd
0103040203fdfd0402fe0000fffe0001
ff04fd02fc0203040103fe03ff010101
fcfc020103fc0101fe03fdfd0404fcff
fc02fe01faff040206ff0300fefff901
fe0102f9ff02060206fb04fc0304fe03
f7f800f6fc0204fd01fc0bfc0508fa09
f4effbf3fbfc09fc0afb0bfbfd0bf709
f9f1f9f1f7010ff506fb10fbfc0ef908
fcfbf9f9fc010af8080305fa0407f60e
f4f0fdfcf6fd08f807fa1300fd0bfe0b
f5f4f3fceff512f311040ffe000ff80a
f4f4f4f6ebf512e3110815feff10010f
f1f2f7f6f3fc09e91d0517fffb090206
f70ef7050706f2f61408f9fcfcf902f2
ea05fdf0ee0506021d1002ffff10fc0b
02ff0afbf90a16050a100cfc0419130c
f6fa06faec0614000c0e0a000411070f
eef3f5f3effd14f211f21afb0213ed18
e4f4f7e8e7fb14ee09f01ef6fc12e716
d9e6f2e8e3ee1be310e82bf5011fe41d
eeeefcf8f5f611f203f41dfafc0df714
f3f6fff6f9fe06fe05f312f9ff08fb0b
f4fafaf3f3fe050306ff13000406fc05
fc0001feff030201fffc040300ff02fc
fe02030204020300fd0300fdfe010302
fefdfffd010405fcff000400fefefffd
010404fffd02fc04fdfffffc02fdfe03
030302fc04fd03020401fcfcfcfd03fd
01fcfdfdfc040302fefffc01fc0204ff
01fffdfeff0005fdfe0203fd0103fb04
fb02fee3e9fc1bfd0314170802131617
eefcf8e5e5001cf60e0f1d0b00130c17
fd04fcff02fd0100070103fafc02fafc
fcfbfefbfb020afc090107f80302f705
f4effaefecfd0ff10e0010f9fc0ffd09
0cfaf5f6f8f80b0015f908f80017f307
140bfb0602fdfe0b02f6fc030111f6f4
0a03feff00f50b050fedf900021402ef
0b0609f5f5f719fd1ce80cf601160204
17080cfa010b191411f2f90dfe06f3f3
f30bf903f807f71312fee80c0400e3dc
090eec0afd10eb0a1dfbf40dfe0eebe0
f715ecf7ed1be70228fdf1f2ff11f5ed
f32af2f3eb20f00729f5f7eafd03ebff
fa1aeb0af20dfaf32cf4f5e3ff06e703
f50ef214f00512f91ceb06eefe0de814
ee0df605e8f9fefd18ecf7f10107eefd
f310f301ec0000fe10f504f90509e600
f806f905f0000afc10ed0b05000fecfe
dc02f7f7df0210ef15e91eeb0216ec0e
f405fbf4e4021bfb11f311edff15ec09
090a0406fd08ff040206fbf7020d02fc
0308fcfe07f8f902fd04fe03fc0402ff
04040102ffff03fcff0004000303fe04
fd0301fe04fe01040001fefc0300fc02
fd0300fefc040303fffe00fffdffffff
010003030105fcfd00fd04000200ff04
ef0601fff617f112fd05e9fdfef201f0
f5ee00daeaf7141c081b1106fe080f16
0ce3fde705e627021013fde601fcf91f
0ef604fcfbf815fd19fcff0003fb000d
0f070001eff7110218f5fbfdfd09f3ff
18090003f7f50b0226f0fd0000fdeffd
150b15fbf5e8111e25f0fdf202f2f607
fc03fb04f1e50214100505fbff1004ff
0c0105f7fcf60b1d01f906f901fbf90e
1c120203fe091c1e0eeeff04fe07f50d
140bfef604fa232827f2f500fcf7ed0a
070402fbff0916131df70e05fc06eb0d
0a14f507fd2413050ed9130e0306ec0d
0e15ec02071a171906d60d17fc01f111
0f0ff4f9051316150ae80b1c0006f906
0100f3f7030b180f09e4091603010113
0bece6f301081f0a23d702040002f919
0203e8f6f2fb160415dd03fefd04f006
fafff6e9fa05190afbe30501fcf4fc16
03f5effe0b0613fefefd19ee0004f41c
fff3f3fc001c07ed08fc18e3ff06e40e
f7f2f4fefe1d1ff712f72ed3030dec1a
f710f409f50a1af515f616e7000bff03
0ff6031c0e00feefeb16fa1100ef050b
0feaffff0afb08faf307ff1100f90517
03fefefe0101fcff01fefcfe04fd0005
020401fc0001030203020401fcfb02fe
0500000001050503fdfdfb0003fb0403
f5060803ee1aee1b0006eb0700f206ed
03ee0ef8f7010a1108fff304fceb050d
f8ee0b0ae4f610fa0efb0902fef4f504
06010005f1f511ff1cf4fc10fefff9ed
1016f91109ec011013f0ec10fc02fdee
160207171001071d1adc020303ff0302
0b070804f3fc031f20d8fd08fff8f901
fd00fc0b020504240fea0e0d0303f806
160813f5070d062e16e5030ffc02faff
120516f30f00072222eafc1003f501fb
12fc0efa0dfe0b2518f8fc05fcfa02fe
07f305fd0406011412fefb03020000f3
0801fafe0f04030e03050204fa000005
0706ef020f12070a0deb080bfef7fb0e
0e14f4fb0b160a1008f00a0afbfff307
060bf9f80f120c0a05030910fd00000b
050df6f6060d071410010211feff0001
fd15e505fc0b030e0cf8070b0306f505
ff1ae703fd06f809faee0c04ff05f801
fc0aeff5030204fbf1ed12f50003e90e
0406eb03fe0a0de402f00e06fbfbe602
00ececfc08f505d919f50ce2fe05dd0e
28dbf7f71ef20dfdf6fd16dbfef3ee20
2ae0fc0f24ed0af4ec1407fd04eef20f
16eb04f30a081cfd0d0613ff04fdf817
05f9fd00ecf2150017f018fc03160107
fd010401fc0404ff00fc02fc0100feff
03fdfc01fdfe04fefe01fcfd03020300
f50207f7e822ff1d1bfdeefa0202fbf8
1905040311e9132321fdea0502fafc0a
0cfc0801ebed18010ff50202fdf7fafa
f2090111ddff0afaf0edeffa00f001ec
01110124f801100ae8e800f501f9fcf1
0c04fd0e03061616f5dc06f903f7fa00
fd0df910fcfa0502efdc08fd000404fd
f810fc0dffee0002f5ec0002fb07fffb
0410fe0508ebfa1005f2fc130006fcf0
09ff08f311eb000af403ff0bfafb0e03
0ef304f910f9f90fee000606fe0a1cfc
01e60c0508fbf506f20d000c03092501
feef0d000a02f7fdecf90b09fb091002
01f512f3020df6fff7fd0201fcfe0a03
090501f71209050af0fe040afdfb0207
0d0cecfd14040110fbfe0502fbfe0106
0616eef80715050afcfafe1300f201fe
050bf6fd081e030912eb051004f8f903
0e07f1fb120e0a1323fe0706fef7f10a
000fe6070d0002081c0a0708fcfef505
0812eb000d01fef71aff010e0203effb
0706ebf5fdfffaf114e7f611fd0ce0ed
0cf2eeed0b0504e70be50ee9fe0eec02
17dffbec161b11ebeef61cddfd03f515
14f201df01f5281525f217f4fc02fd20
01f102ffedef19fd12e710f5fc13ff06
030300030003fefc040302fd04ff02fe
070c08f10a0a0d0d09fc070b0004f60c
fbf80c16f8f1f7fff50f07eefcfc0110
03082014e3180d0a10fff00902fe17f7
08f71409e7fd2303fcfe08f8fdfa0c01
fd06f815ee0120fcddf415fc02f505f9
fff8f31ffb021213e4e905fc01f500f5
0508f21503f61009e8f103f701fc02fe
020df30e09f308f9e8e502fa01f90208
0b0e0a0206f2f802f1e4fefefbfb07fe
0013080400fbf20ae5f6fe0102070e00
f9020d0104f4f3feee0506fcfe0d1dfe
f8f4110204f8e40af1fc020202102201
fdec19f00507ee05f5f5fd08000725fa
02ec1af308fceb02f5eff20802ff2100
0af123f50b00f004f8f0fff900ec0b05
06081eee13fff506fcf7fcfafded0a03
051710f80c0af900fdf600ff01eb0605
0416fef30213fbfdf1fff503fce20d01
0605f2f70d1c0bfffffd0308ffe8070b
01f2eaf1030d0f0e09fbfd0bfeec0009
f4fce8f1f70a0f05eb0b031a01ef0efe
f70ae60502f705f4f9050b0cfd0b0a02
fd03eb0111fd08f213fa12040407fb01
0ef2eaea08f513fa1ae50908fd05ed09
20f9f8da150517e80dfc04fc0300da1a
10f907f10e0207110401fce6fffaea0e
f40cfef9fa01110118f90afc0109fafd
fdffff05fa050300fbff0200ff0304ff
152122eaf125201209eb0e150501ed12
f8f10e17f6fbf7ebf20c0ded020716ff
03111918e41a0c01030af40600ff20fa
0e030006f8180a0bef060105fcf3fcfc
0e02f01104081001e0ee0ff9fff6f1f7
07f0ff24000f0f06d5e9fb06fdf211f9
01fafa19fdfe0903dfedfefe01fb0307
0e07040713fe0401e4dafbfdfffb0105
01140a0aff08f9fde1eb06fa000406fe
fb121006fb06fbfce6040000ff090d06
04140f09feffeffdeb03fd04fc0f16fc
03ff0c02ff04ee03fdfdf3fdfd0716fd
06f61cfb07fbeaf8f8fafa0b030010fc
08f920f2feecf2fd05e6f21300f5fcfd
04fd16fe0bedfafffef1ff0800edff11
fd1c120308f5f8f806f7f50bffeaff04
f51f0b04ff0202f7ff02fffffdfa0a06
f00e03ff001b09fa05070803fcf30a0d
f711f705002808fcfffc040e02f30204
f5f9f2fbfd130906fef7fa0e00edfe01
f2fde9f2fd0a0504fb030413fdf90efe
f008ec000501020c0011070e01f50e01
ea04dcf805f70afc0b0b1504fcfa0f05
06f7e4fe06fe14e2feee170a0007fd07
21ecfb0112ee06f8f4070d0cfd01ff0f
0d05fdf815f1fe04f0f804fc0301e007
f70efbfffaf80dfa19f507ed0307f400
e010ed19e7eb0af804071e05041dfc1e
fd0e1104f5140afafd0cfc04030b0fff
f5e90212fefef9ebe50c23fd02fdfd05
02f5fc0905ff050bfd161e0efcfb050c
1704ff04030e090dfb00091102eeeced
05faef0e00020402f7f20b0501f4f1fb
feebf910fd0e0400fcf004f601fa0b07
00f20403f60d0504f0f602fffbfa050a
f9031709f710f6fbefe6fafdffef0b05
f60d0c16f912f6fef4f60e01fa060706
ff161b18ff0d00fdfc04f9f9fc001101
010c0310ff0cf7fbf809faf3ff0b05fb
fff605fdfd01fcf90113fef8fe140007
04e505ec02fbf601090afff9fe0df808
f8e20cebf6eef9fefc05000804080202
f5010bfbf9e4fcf90004fd0e00f5070b
fc26050806f609f70a03001104e90515
fe260706fc1cf9010d0bfe0603ff080a
f50e0f0bfb2bfdff0207ff0400f2120f
02010bfa042b050809f9ff07fefd0f04
fbf2f5fe04110a0205020b0e03020209
fcf6eeed040407fd030a0316fdfa0a03
01fe05f006040c0dfe030316fff01307
04f6e6fd13e20f04f01f0b0803f80b09
f9e4dcfb1ada0dd8f11d120202f6fa14
18dafcf723f5f511e0fe130d03f7010f
1d0100e72102fb04fd0812ff00feea0c
17fb02f20eff09fe121007ec04f3fb13
f502040cfd0805edf8080805fe030900
ec100c04e91806eeff0a1109fef40c02
feee040402feff03ee251f170303f801
ffe706f909071002002611120005fe10
fdf1f906f5060303fe12040802ebf0fc
0dfaf70ffafcff0ef1f7020702f4f6f0
fef402fc0314fd0af3f3fffd03f20107
f8f80dfbf41001fdf7f4fb00faf6fefa
fd040c02f916fe04f4e900f3faf40000
0007050dfc0d03fafdfa04f1fdf5fc09
fa02fc1cf60905f20d08f9edfcf909ff
fdedf60c010708f2030506e70009f605
01f3fcf7fffa0cf1fa11fef1fe0ef305
fbbbeaedfcf204f9031902f2fb15fd06
f5baf1d6f7dd0e00f6110af1fe0a0b07
fa00fdeefce9f9060805fcfbffec13fe
fb2c050a0001fe0d0c070103fcf8090b
0416160d0220fe060007ff0302fc0a09
0902120b0127f60afb02f80ffc030dfb
08f60d090728000b07f3fe0ffb090f00
03f706ff011d090006fe0c1100fb0504
fff2f3fe02090904fb0b0f150300ff06
0ff4fff207ed0e0cf909f714fdf20605
09f2f0f513df0ef502100f0d00ff110a
e7ddddf40cd418c8f73316fffdf1021f
14d4f9e5230814030221140afde8f220
08020de1191f08f8f4200becfeeceb15
ebf7fdf7f40cfa04eeffee0700e400f5
fdfc0605fe0804ecf9080706ff060804
f9120309f90605fa0208070101fd0204
eaf90111ec030d03fc251f1afd080df4
08eb0bfdfffe1311020a0b1100010105
f0f6f608fffa0309f31913e3fcfaed14
00effe1a02f4f90cf50408fffef908fd
00f416ff000907fde9030802fbf905ff
fbe50a03fb0802fbe70201f801ff0002
ffed01fbfe1305fafaf903f600efff05
faeef604fbfe0ef006fa0deafdf1ff0c
f9deeb04fefb0afd0e0804eafcfdf405
fbe2e60605fd0ffefb1406effbfff407
03ccddfc0bee0c02fe190af30308ee08
f1b5ede9f2f013fcf61910f30112fc10
f6c8f2d500ed110003190ef002061510
f309fee6f3f608fb0b1405f402fd1103
fa25180ff70f04070d11f901fff814ff
ff1b181e0029f610ff0bfe0cff0c14f4
01f712130428f50f010a030f00090afc
02fa13140123ed0e01f6fc08000307f8
fffd11fdfe1a070b0d00061001ff05fb
f8f4fd0100f502fffc1a0712fefe0200
01eef5fa04e112e5fd18051903021306
0ee0e4eb0ed81de7050f040cfff80c10
ffd9dded13d31ec3031a0afbfefded1d
fef304e80af300f3f80cf00702dbf50a
0ef503d91e07110bfd30fa0c01f8f016
ec05fefaf711fd08ea08fd01fff5fef9
f8030b08f60508eff9080b0502020901
f31ef213e9f205fc01161e02031d070a
e90c0415e9f412f3f218f80603eb190c
fa010609feff1213eafa14e9fcf00b1a
f9eefa0300eeff14f0f103e6fde6f918
fde7fc050af4ffeff6fc0afb02f0f50c
02e0010e05eef8e6f00a07fdfef80600
00bdfb0400fe0ae4f8160bee02f80809
fdd6f2ff03fefee4f8f80af6fff00202
f9e2e6fd03f4fee7fbf40bf0fcf7f904
fce0e802faf707fef402fffdfef6f902
00e2f40d05f51000f01006fe02fff908
02d6edfe08ef110ae81b09fcff08ef03
fadaece0f5ed1304fb210df9fcff0410
f4f0ffcaf4f719ff0f2007e602f60113
f60c09ddf7fd0b0a1911fce902f60505
fd19090cfa0f050b0509f6ec03f6fff6
000c0f17fd24ff0ef906faf401000afb
fffd110ffe21030f0400fc09fb0306f7
04011c15051aee06fc07f80ffc08fff3
f60b2000ff12f9f1030af60cfefc10f1
fb01ff0501f7fde40013fd0803050bf5
f3f6f3fcfce304ddfd13fe0903051005
fbe8eaf703d214dbf420ff0afef90d0d
03e0dbf116d223eb0f2a10fdfb050328
11e102fa1fe70f04082102ed02fb001d
1cd7fae02ffa2209122f13ff00eff72b
e0faf9fcf1051101031bf9fb04e9fc0d
010100fefd0102f7fc01ff0103060405
fcfb0208f80006fafe0c0a0402050301
ecfffe19f3ee09f6f60d010e01e60a04
f5f6021403f60a13e5f21ae100eb111b
f2d9f40204ed0004edecfaedffdf0710
f9d8f20109f909e0e9ff08f900e5ff0f
f9d3ea0301e401ccf60d0e0a03f0fd07
fcbcedf700f507da060e0ffbfefbfd07
f6dcec05f7f2fbd6fe0202ff0302fcfa
f3dbe9f7fde500f201010f07fffffe01
05ebe90507ef0907f9f7fe06fb02faff
fff2ea0d03f90605f40403fafc0cf804
0bffeb050e020810f20e09fe0216f3fd
09fef2eb07fe100b07140ef4fc0df607
08fd02cbf7fd14122110fbef03f8f907
020707e7f7070d180a03fde2fceef602
000b0017fa15020dfef7fadf00f8f8fd
0a05041a031e08080204fde60000ff02
fbfffe0afa1403fef9fff4f1ff020202
06ef05100f04ebfdfd07fdfe010007f7
00010ef80cf4ececfe0cfc0702fd0cf9
ff00fa0509ecf7e70b120207fe0805f1
f7f9eb08fadc0adb09230602fb100ff9
fef4ede302dc15dc0916ff0cfe00060f
02fee50cfeee0cdd06131907002cf60a
01ea02f6080016effe15f6ed030dfa15
f9f3fdea07f915ffef34f5f102e0f118
ea02f401e9000b06f228eafd00e7030a
f906f5fc0101f9101008f3ff0207fff7
f6fe0410fafafef7fe0a0dfdfd080305
e802041de9ff0af1ee1b0d0f03fc0d00
effefe0dfdff080ef5f013e802fc1519
dcd9db00fbf1ffe9e9f10103fde20e0a
f6d7e5ff08f30dcee9fd0a0502e9ff0c
fcd5f9fcf9dd0bcdfb031007fdf6fafe
fadbfef500dff9de0a030e0100fa05f8
f7fcff03f6f6fee811f90aff020305f5
f3fee90601ebfffa07fb1406fd070209
fe0af80804ef08f9f8f20d00fd040604
0503f51107fd050cf2050ef5fd0ffd0b
0efafbfc13f00709040707f0fe08fb09
140408e70bfe0d100f0100f2fe00f60d
0d01ffcd020e0a1a1005f7f2fdf7f60b
07fcfce90112010ffa0602e9fcf6fd02
0e05fc060116fd0cedfbfae0fcfafafd
0903fe0e0413f90df4fef9df0202fcf8
07f90008060bfefbf8f503f4fe02fff9
fff4fd030adff4eefbff04fb03010601
09fb01010edff4ec01ff0304020307ff
ff08fa0a01ea02effe15090efd0411f9
fa02f30d05e507e80d200f06fb0a0ffa
03fcf0f0ffea0fe91213030afd0cfa03
04ffea01f3f40ee7f614fd030218f6f7
ff04f908fdff0900ef1800fe0412ff09
150108ff1707fd05ee22effa0303f103
070600010906f5fa000bf9020413fff4
050300f205020709050203f5ff07fa05
fbfbfffbf8040307ff000701fcf7f902
e7ff060dea080de9ed1309fefdff0a0a
fc060309f7041508f3f5f7f201ff0b02
e9fbe6fefa11f2eeedf1f61402e4fef9
f4f0e10c0af80cdbe9fd140cfcf7f902
02f0fd0c0cde07e9fafc0b0cfcfc0303
f6fe0308fee9f5edfff81108010608f8
e817fa0af7f2fcf206f912f103080aff
e625f20dfdea04f3090214ef01010bff
f114f91203ef08f6f80516e1ff0e050c
f911ff1407fafcf8030013e7010afe15
080709f8080005fc01f004f4ff00fb07
0dfd07e20505fb0b0e01fff9fdfafc10
04ff01dc0a09ff2107fefa02fef2f503
07ff03ed0411070ff8fff8f2fbfcf803
1009f8080a08f505f201f4de02fef7f6
0c0b00140a12f9f8f30501e8fc03fff8
fe000011fcef00f7f3f802f101fc0cfe
fafffc0afbe801f5e9f8fdfefdf813f9
0506ff0afad706ed0206fe0cfcfe1200
fa09f014f7ee0aed0009040bfd010901
f801f40cf7fa04eb070d030efa0b06fb
f50ef5f6f5fb08faf80c080d030cfff6
000bf3fbfbf20505fc130407011f02f8
0b0b02190f05ef17effe02f60125fff5
1c1107101708ec0be52ae017041d0fe8
040a04020806fafbfc09f60ffd0b06f4
030201fb080404080804fff20006f904
07fa09f7fb1004030102fe09fefbf50b
fe12f11305fe080cf9fe08070403f8f3
060d010f0cedf3fce1fff7fcfcfc01e3
070803f30904f806f706fa0efde7fdf9
040af0fd05ea10f3fc0b0711fbfb030b
0d00fd0f07e60ffef0fa0709fef90a06
f510f51cf8defaf7f9f7130303110000
f412f80d04f103f80a0014f00010fe01
e613f21508ed00f70a010fe4fb11ff02
ee0af11406ed00f101ff0ae70306fb0a
ff06f9ff08faf4f30d0310ec0309ec04
06fcfdf209fbfdee13010af50406ed04
0bfafddf0a02f5040309fcf9fcfeefff
0bf701dc070b001ef9fc04f50500ef00
0a0311f00612fa0ae4ea02effaf7f801
1004050b0c0cf101f4f8fce600fffbf8
04070b1602fafceef3fdf9ed01fb08fb
fc06011200f109f2e9fd01effafc0a07
0407fa11feed1103f2fdfd00fcfd1204
0504f707f0ec1200fd00060cfff9100c
f917fb0debf401f2fd080108fe020100
f6fefa07f50403f7fcf70c02000005fe
f10dfbeef4020c000202180a010efd0a
020afbeefef924150715080dfe13140a
08fd04fa0cfffe26e30c0eea012cff02
0c1a01111a0be00ddd13e81c00110ad4
130d06051405ef0bfb1deb06fc1310ea
fc03050dfafd02faf8ff0404fe020af5
0c0412f1f6150a0906fbf90dfefff809
091509130719150f0df9f811fb00fff9
0e0c0f0118f2010aecff04fefef3fcfd
100c11f906eefe09e705fd0701e90aff
0911f600f6e10a000005000efc030d01
0f0d010507d9ff04ed030804ff040605
0409fc15f9ec0701f6fc14fdfe0f04f9
f514f514fafb06f600fb18eafd0cfefd
f912fc0ffe0710f30b010ce1fd09ef00
fb06fb07080004ef0b0010e003fbef09
f907fef20507f9d416090dee0101e501
0800f6de0d11ecdd0d1106f6fcfce9ff
04f8fdd10a10f0fcfafffc040100eafc
04fffef00514f203f6ee07ed0112eef9
0206090f0a00f2f7ecf004defb03f4f8
03030b200ff3f1fcf8f2f8e201ff09f8
09080b1e0becfb00ee01fcf3fc041400
0d04000b06f30a07f9f0f900fc050907
0814f80ef9fd1812ff00fb0302fffe03
f701f50ff0ee0505fd040111fef70607
ff110b11f6fd030f0005040200fefbf6
00ee08f0f6f112100efe06fc02f80508
01fef0f2f602120f17f80eef020b040e
0f10fdeff60516211a000b0ffe0b0503
140203f809f7f921ee1305f1fe3ef9ff
1617fe232508ee0de033e514021a0ed5
0d0a08021101fe10f822f208001119f8
fefe04fd04fdfffdfffc02ff03fe0300
04040df1f71506090cfcf305fffffa0a
0e11091d081b0a0f06f20415fbf9faf7
120b1ffc1507091800f8fc0a02f50303
07fd13fc0bf80411e1060b0000fd05ff
09fbfb0101f70412f70c06fc01040708
1305fc120dea000bf00e060702010307
0e04f0ff07f5080601f30c0701000305
0a11fc12040d00fa04fe05fc020300f5
fc0cf60d0705fdeef40912e7fdf8fafd
f908f6020d06ffe10d0d06e502f7f1ff
fd0efae10d16f2e0011306e904fbecfe
040203cb0815ebdbf510fdf0ff09f6f8
040104dafd14e4ebf0f3fcf7fd0df5f5
f5030107f702e6f7f3f806ddff0cf5f6
fd05052604edf3fef7f3fed7ffff06f6
06f505290af1fb07f5f8fbe2fbfa0501
05f90a1905ef120df5f203fffafa0802
0808f70cf9f10c0e08fbf70cfc0efffd
0504f4faf4020f1310ff0211fc0c0108
fafaf106f3fc090b000108040309fc0b
0203f3fdf8ff00080cff0bfcfb07e9f6
f9fefaf7eff30208020110fdfd0afafc
fcf8eaedf6121a14f20320eb0009fc0d
f608f502f2120207ec0318f6fc070711
051a0907fef7ea10eb1df50d042e01ea
020606110606f2fded1ef411fc0d06f0
f50f04fc03f40f06fe1b0b0a011a2012
f00110f3ed0910eaf50ef3fcfde71510
040604fafd12050107fcf703fdfeff02
0305110af71f0d0902fdfe0800f5f802
23132103100c0a2606f3f007fff1faf6
0ef40dfa13f8fb0df1090cf4fb01fefb
14f3080c1608061b010608fb02fd0104
1becfd0621ff061bf7110c0803fa0d15
0efff30808030a0203040711fe020606
040bf9120005fff606fe0c0cff010603
ff10e907030af7f1010a0d02fc00f7fe
020403ef0709fdf1fb0306f8feeffe03
050906ce0a01f3f3ed0400f100f203fd
0c0affc90900e9e1e2f103f0fe09fbf7
0903fcebfd0ce7f3eef301eefb0bfdf6
fc02f61eff02eefaf6eefce1fd0600f3
02fb0723fdfdffffffe9fef0fcff02fd
10f90b1505f70d0e01f5fefb01f60dfc
09fc0b05f3f819100df7f40d02f50afc
0303020ff4fc100413f2f70c010a13f3
0706fcf9f900031b0bf3f712030206fb
fffff7f0fdfe030cf8fb0c0300fff00a
0505f301f9fef9fafdf10effff01f3fe
0000f7f9f9020807e8f804fe000004fe
07f5f4e6000e0f0ee20910ef030b0305
060df102060af610e50302f1ff0f01ff
f912ff02edfdf212ff07ed12fd29fbe9
f9fe110ff70a07f4fd15020f030015f9
0d08f90c0e0ff3020606ed1000170ced
f710f4fef8fbf7080a0af4fa02f8f7fd
ebfe0c02e80614f6f116080bfcfd1317
fa0706f1f8fe05fe00fef50afcfef808
121812f0060c0713f4f7020afff7eff9
0ef00fee0b000810ec0307fdfcfcfffa
16ed06fa110812150604050cfffc0206
0df7f3fb0a0e0c0f0211010efffa0005
04fffb040708ff04fe02031701020afb
fc03f701060502fbffff0514fc030509
fb0e02fcfc09000809fe0908fb03fd04
010f0be404f90507fafffa0b01070305
050dffcef9ebf5fbebf3f70c010c00f6
fa04fad8f2f500f5eafffc16fb090cff
070ff000030a0406fcf9f811fd070a02
0b070215fdff030309e60201010801f8
0aff021b0202fa0b17f60504fcfffdf7
09020006fc0104141ef3ff0100f5fbf7
1106f909fef4140c1df5fd0afafb05ff
0ff9fa0906f70c081cf8f80402020800
0afffe0301ff061315f4ff01ff030707
0007fff200f8010808ef0d01fb03f407
0607f7fbfff2f605f6f60bfffbf7f802
0504f8f9f8010105f8ef03f9fdfffd00
0b0a00ef0717f60701fcf8effc01f904
f201edf4ec13f8f3f701f8ec00f4f308
f719edf9f0ffe5020b1adcfafe07f0ea
1505030b1208f809f21ff51a04130df2
0907f2fdfd0ef8050304f70fff11fbf0
fefd03ff0101fc01fcfc010403fffcfd
f2000804e8040b0307110c04fc05100d
000900fb1701f705fd04f40b010b09f3
12251dfb121ffd0f00f6f1120103fcf1
07f315f6030e060afafffbf702f806fc
0bec030110f50f0c050df70900fd1001
01fdf1f50e04fd0b0511f70ffbf602fe
040303fa011703070707080b03fc0603
0108fff60f070b040b08031202fa0908
fe0e07f001fc0d0019000116fd06f70c
f90d0ce5f7f50bfd0a030515ff17ff0c
fc08fcebf9f20808fefd061801150500
f010f1fdf5fb0e0209f9041afc150507
0705f70afefd120719ef0714fb0f010e
0b0c0406f6ff0a0521e50012fb03f9fd
04f9f80300fd040d24f8080f0005f303
0704f30805f7fa1026f5f812fffdf7f5
0b07ec0108eb0b0924fcf60cfef6fc01
0a0af40c02fa07132bf0f2050000f9f6
0302000cff08fa1221f6fc00ff04f203
090cfef60601fc150ded0afffe04eb05
0a0ff7f904f8f40f0aef0e00ff05e801
000df2fb02ffe80204effefbff03f0fe
0e17fdec0b18da0b0bf8eb04fef7f2f6
f70e01f6ee0be6f61203e40800ebfff6
030aefebf2f0eff4040de4feffeffdfc
0a0f00090806f211fd11ed0efe0f09e8
f60cf4f8f405fd080c0cf401fff700fd
f114ee00f702ee0d1103f303ff05f2f5
07160c08031b0305fef6ed12ff0807f2
14190400131ff30efd09e92e000414ed
021813f4052bed0f0cffed06feff0be8
f8ea10ed09fef401f4fcf3f601fa12fa
f3f502f608fcf201f911f7fc03f710fa
03fd00f00c0e05120d1701fdfef90807
09ff04ea1215040d2504050001fa000e
0100fdf40107010723f9090b0002fcff
fc05feef03fd0aff17060904010d0207
f70d0204f30409010dfd000a01130100
fb0500ff0300170211f70f12fd1af407
fbfdfe0bfb00110919ee08180115fa04
0702fb0e00fc130625e80615030cfd0e
07f7fd0af9fc0b0224ed031a0401f207
02f7fb06faf903ff1ffd041c0002ed03
0201fd08f9f508ff1cfafe140103f9f7
0809f30b0bfa0d021702fa0700f6feff
0cfffb090104030e1dfcf20302fbf2fc
0f0306f909fffd1d17fe0002fbfbebfe
000bf6fb0804eb1703fcffffff01e308
fd1600fe0b08db03effd01f4fdffe7ff
140eff031713db09ebfc0807fb07edfd
1415fafd2005d51202f6f52404fbf9ed
fc1efd09fdf3d7060007d81ffdf100e9
07fdf9f206f1f6060110f61905faf408
e815f20fedf0fa09000b1410021b0c0c
000602ff02fefffffe020600fd0302fb
f313effbf505eb060d0beefc0300f6ef
021705fef90ffd0509fcf40803fef3f3
181b11070b1ef80c03f9fa27fe060bee
080101f319fefc101a05f400fcf70600
ffec02f40efaf90604f8f1f104f20702
e80dfbe8fd07f300150df3f6fc0204f0
f1fdfbef0a13fa04101c03fe000015fe
faf604f10d1700ff1d0d06f7ff040f04
f602f6f9000ffd0021050008fbff0ffc
f7fefc01fb0304f821050811030d0efd
02fbff06030608f81af908050311fefe
07f7fd060f0711041d040e13fd15f705
02f0ff0d04fc12fa1af91013020a0908
0502fd0b000609f814fe041cfa040608
02fd0907020208ff0c05051901ff0009
fcf60304fbf60af70c0c0b1bff0afa09
03000400fff50bf90705011afe0c0501
07fdffff02fc0a05fe03001401f30302
08f4fdf707f90110fa0df913fdf5fbf9
02fc02f90709f31103fd021600f7edfb
070400f0070ee419fdfcf805fcf7edfe
0a10fdfb0d16d50ee2f6020401fcebf2
14000ffc111be00dddf8fc1800f5f400
110d03f720f7db0f01fbef2702f3fef8
1307060e26ecd918f700e61e02eb10f2
f5eff708fdf1fa090408f70302f9fbfd
e6f4f0f5ed00f5fa0b030f0303f7f307
fcff03fffdfb05ff01050404fe0504fd
03fcfe0002fb00040204fcfffdffff01
fdfdfe02fdfe02fc04fe0200fffefe00
121c16f40f1a131316eef611fdfded0c
23f00af627f004281df7ed0403eaf31a
0cecf4f41bee06080d0df6ef04f1e915
fa0104da02010c062114ecf2fdeeff07
ea0dfae6f305f9f7140ffaf902fe0def
fb1203f2f517fb03090b02f400ff20f5
0502f2ff0f09f207210103fa03020bfa
f8f6f1fc0107f705270505040000fcfc
08f5fff80e07fd061209040afffdfff8
05fd03f9080e00ff0e010616fc0209ff
f505fb120708fafd110e0618fb090bfe
01060110040b0402080b050e04020404
01f40b10070000fcf50b0316ff090100
02f50f0500fdff0cf70efe14000d0204
07f7fdff09f9ff04f70efd10fd0c0a05
05ecfbf50ef40004f80bff1ffef707fb
16f005ee1801f30bed030217fcebfffc
05ef06f410fbe10ce80bfc0bfef8f5f9
14f203fd1010d520f200f50b03f1fbf9
1af707062013d712f3f1f61402f0f4f6
1af70c012500dd16f1ecfa1700f9fdfc
1af20ef72df1e516fdf8f51b00f2fafb
17f50bf317faeb0f0802df1bfdea0cfa
f7f4feff0104f906fd02fc05fef5f304
ee01eaf2f507ecfd1708f106fffae9fb
fe0401fd02020000040001ffff01fdfd
fdfffe04fefc05ff020403fffefdff01
fdfcfc0104fefdff04fefefdff0303fe
fa130f08fb12fffef9f9fbf600fe06fb
0ef916f4fb08150dffebf61501edfa1c
00112cfff70b18f2fdefe22200ec140a
f2f519ede30b19f2ffff0009fff6160b
05f7fbdaf31207ff0bf3fdfa02000ef6
0202f9cffcfcfaf6fbfffbff01f40bf2
0605f4e806f7ff000c06fff3fcec00fb
0402eef80df9f9fe240700f903f4ef01
fdf0f8f90103f2f31500fa00fee5f8ff
01fcf7fb0d01f5fe0d06010303effd02
fdfef50712f9fc08080fff0afdf8fe0c
0101060e0c080104f10e09080401fd11
0c040cff0b06fa0be7090316fc10fdfc
04f60aff070b01fee403f31503090903
15ea020712fc0afbe5f9000efe0c0801
12fb0410fff2fffcf2f6f320fefb01f5
1902f6041ef6e608f104fd10fff5fff8
0bebfb050ef9dc04e40af3f7fced09fc
09eef7f70cfae0f8f404ef0102e01006
16f708fd0bfbde0d05f3ef07fcedf8eb
1cf309ee18eeea0efeebf70afc04f8ef
0dde14e713eaef01f1eeea07fcf903f8
0bfa15fb0fe9f403ff09f219fb0b0ff9
fd090113fd04ee0cfefef00804090ceb
f90bfa0dfd01f3010d10ef00fc0602ef
000304fcfd0001fcfcfc0201fdff0304
fcfc01fc03fc03ff0104ff04ff04fefe
03fe020403fefd0102010304fe0003ff
0afe0cf106f2fd0208f3f304fbf402ff
f00bf9fcf6f800f9ee0afefcff02000a
00100000eb0f08f1defff41cff0f02ea
16040aedf90a10fbf0dadf1b0401fbf1
1a04f5ec050916faf6e4faf0fcfffaff
10fdfde500f21af5efedf2ed00eb0700
080b05e7f1000afbf6ebf3e5fdf2f501
09fdfdecfb030303fffdfbec02f1f704
1afb0ee105080bfdfbf303fefef50514
0c0b03fd01ff0beaf2f8fb01fcf10608
100b0803fd0f070df6fbecfeffebf90f
14100afa0afefe11f803f5f6fdfcee14
03110f100610fa07ee04f1ea05fb040c
0cfe0e1e0b01fbfada05f8d903ff020c
1807051f0cf216fcee06fccafcf50319
18fbf91c12ed05fffe1206e000ea000e
10eef0080fe7eb02ff0bf9f5ffe5f7fa
12e8faf502f3f608fa16e40affe7fd1b
10f203f60bfafe0bf510d7fdfee50e03
0dea08040cd8f903eb05eff3fef70402
17f0fbf70fdb0504f2f606010201f9fd
17f8fde520e2f1fef3f104050001f402
10fe00dd0ce2fdf9fc0b05fcfd05f90f
fd0a020705fcfffcfe08f900fffb06f2
0606050803020403fc0cfbfdfc0308f8
fcfcfc02fffdfe03fdfffc0402fe0201
01ff03fc04fd03fefd00fcfcff020200
000103fffefdfdfe0204fefdff010401
020302fefefdfcfd01fc00fd0401fd00
fa000bfefbfc00fb0801f60103fc0c03
1cf7e8031ee3f3fc11f3e6030102f7f4
1de4edf01ce8eef412e5df0701fcf8ee
15ecf0ef11fef5f6fde7db00ff02f7ee
04fefef4ff040afaebf1d8effeec0efe
fbe116f4f80f11fbeafff5dffef50f0f
f8e72203f0010df4f4f7edeb02fc1613
0b002bf7f70613f905e4e8faff001816
0f0c0df103f517e712e9f5f8fdfa021f
0a0600f909e90fe7fe01f1f001faf71a
01fa1c00f8f51de3f30aeaf301fe061c
f71a28feef0607d506f8d1df03eb150f
fd0f0408f8f40bec0903e2d503020307
fd100a0df6eb0f020b00e0e6fef40d15
fe091104f8fa0cf81108e9dd04e81226
faf81000faf5f9fc0705efe2fce1131d
eae20d04e401fffae913efef00ec0a24
fcd217f5eb00fdff0c0fdee704ea0e13
11f50cfbf1e1fdff0815ebe5fce21b00
05f90e02edf308fc071ff1f9fdf92405
01fc08f7fdfb03041311effe020314fd
f100fffef0f4f1fe0502effffe0b10ff
f2060304f20e0afff30905fffe090303
fcfb02fcfe0002010502ff00010401fd
0201fd04fcfefd01fc03fd0104fc02ff
02040303ff02fe03fefc03fe03fe02fe
fd030202fcfffb03fd000001ff0302fd
0200fefe04fcfe020202fe0302010402
01fdfe050402fe03030303fdfc0303fe
f3050b0cf20d07ffee0c0a01fe0907fa
eb00101aec0f0802ea191afc010d05f3
e4020bfff7050a02db13f3fb02fc0f0c
ed0107f9fe030dfdde0bf6fefcfb100e
e8fb04f6fc090dfce608f2fffcfb1009
ec03080df40406ebf603f1f200ff0c02
e4051b01ed0010ddf60fe4f7fcf01d06
f80210f202f709d80d08e8f600e6160e
fe0009f6fe0307de0f08edf700ed0d0d
e203160eee0713ecf81708f604fe0508
f10428f1eef91df70519eef4fde71016
11050aee121cfef110f7ebf600f31d13
fe031702f60d0bf311fff0f802fa2014
dafc131ae2f916ec0213f9fe04fe1f0c
d9f41e19f0ec09e61712edfcfeec2403
ecfb1200f1f8fde51016f101fd021609
fffe0808f8f4fff5ff03fefc02fc11ee
00f90919efeb06fe0013fdfb01ff15f0
02fdff0df5f1fef4fe1406f9fe0217f3
f3fe0510f3000303020f03f702000df8
0003fe0004ff0500fefc02fd03030001
01fcff01020001fc010100ff0400fefe
01fcfefefefcff02ff00ff03fe0001ff
fcfdfffe02fefc00fcfefcfe0000fcfe
04fd00fffc02fc0102fefffcfb010200
01fdfc040401fd010404ffff02fffefc
02ff01fe0404fffdff02fcfc0001ff02
0402fe04fd0203fcfffdfd000202fefe
00fcfdfdfc04010102ff02fffefc0404
040104fd0300fc0004fe03fe0004fcfe
03fbfefffffefdfc0001ff02fdfe00fc
04fffffe01fc01fe0101030002020300
ff04fefe05010404ff01fc020201fffc
03fefc02fffcfcfd00fefd040400fdfd
02010403fd04fc030302fefc040302fd
ff01fffe0002fe0404ff02ff04ff0202
05fd010afef30203f8f9fd04fe0303f9
0201070a00f40309f6ff0007f9fc00fc
0fff05f402070f10fcf6f0fd02010201
02020000fcfe0a04fdfdfefd01010204
03fd000301ff0404fffefe04fcfd01fc
010402040204fffdfffefc00040203fe
030400020002fe03fc02fffe010001fe
040400fe000103fffefe0302fc01fefc
fefcff01fdfc020302fcfd0102fb0200
fffc0204fe0103fefd02fffffffcfe03
fc0501020301fc04030301feff02ff04
fdfb030103fd04ff020302ff03030103
fdfe030103ff0000fd00feff04fe03fe
000003fd01030003fefefc0301fe00fd
020001fffdfc0400fcfdfd0101ff04ff
fdfe0305fffc04020304020400fcfffc
fd040001fc0304fb01fcff0304030404
0002fffe02ff03fbfe020201fefc0104
fd030102ff04fe0202fdfefefcfc00fb
01020101fcff020100020300fe0303fd
07030405fc03000002fd0101010204fc
00fc02060201fbfffafeff02040500fc
0af90108fdf60009eff8fc0306ff04fb
0df7090500f70005f3f7f60503fffefa
0df0060d06f2010ef9f6fa0cfc00fbef
0bf3090403ebfa03fefafe04fe0101f6
0af7030afded0004faf7fe09fefa03f4
10f50e10f5e70403f8eeeafdfefff3f7
0bf30a0cf7edff01f1eff40601fe17f1
0eec190bf3e00106eef8000e0df814f4
fbf60af7e9fdf8ef0507101800f819fb
03f505fdfaf2f1ede9e3ed26fb000cf6
1cf70a0711ed0f07f6eddd17fef6e4fb
18f708130add1003f3e7e911f7fbeff3
0ff6080fffea0010eff2f60ef9001af1
0ff90b14fcec0913e4eaf01504fb1aeb
16fa0e1d02de0920e3eff11b01f624f1
08f80408fdf4fb08eef9fd1102f814fb
03f7000502f40208f5f6010702031efd
05f2070706f80207f8f7ff0100010ff3
fd0001fc04fcfd0003ff0103ffff03ff
fefd02fcff0400fefc020000fdfd04ff
03fe0101fefc040002040400fd04fd02
03fe0304fd000202fffdfffeff0104fd
fefcfc04fcfffcfdfe0403040004fc00
fdfcfd030000ff02fe04fdfffd03fefc
02ff0302fefefe01ff030005030102fd
07fa0417feee04f4e9f0e60c03ff08ee
0cf60816ffe3f9f9eae9e80df50312ec
03fd0001fffcff0102f6f602fdfefdfd
0df5060afdefff05fbf4f70302fcfcfb
0cf00916ffe70008fdeefa0f05fc02f4
13ea121200d9130c10e8e61014fcf5ec
0bea160100ce14131de6e3fc1ef2edf3
17e91a0708d01d0b14e4ecf932f5e9f0
22e8270b01ba131514d9e8051ef8f2e2
06db03f9deba050e17fddffbfdf0f8d4
f8d9fdefd1ccf60cfb011910dedd02cb
09d6fcfddacff82005fa1010d2daeed1
10f01b050eddfa16eedcfd23d7f1f1e0
0d001b02fff4f909f5f0fb29e8e8fcf5
0c121f05f6f7fb1608f70e25ef0af901
18101e1004d8020b0ff2fd27f10cfdfe
020e0c03fadce9ffefe6fd1cff0700fd
030405fddad9ef0d00f9f6130208f8fc
0ff20507e1dcf71c0cf1eb090cfdeeea
11eb0311dce8ed1c01f2f3120bfdf1ec
15ea091b07ddf713f5e8e81c08f8f3ef
fe0002010ef9000908f6f30405fdee03
fc0207fdfe0906040601fef80803f40f
fc010000fdfeff0102fdfc00fe01ff04
0003fefcfc00fe0302ff01fd000403fc
fd040404fffbfdfdfd0102fffe01fffe
02fffd0405ff00fcfe0001010104ff00
f100fdee11040ef2f4f00113fa13edfc
fffd0d1712e518eaeae7e410040c15f2
13fc1218f4f819eaeee1da1a050215fa
1df5070100e5010902fdfdff09f5f3f2
17e7050806dd110102e901040f08e9fa
0ae40afef2cf10fcfdf00915190bebfa
18e21506efce0900f7f505052ef9e3f2
17da1c08ffda0c1602e7eeee27ebf1e6
17dc1dfcedcdfefcfffafbf631f201de
23e61cf8f2e2ff100f08f2e4260906e2
13dc22f7d7d60f05fffbf9ed21fe13cf
0cd50a05b7bc030bfbfc0bef03ea03bb
09e6f906bcbf0517050013fcf3eb04ba
05f50affd9e70d0f0c02020beefe03eb
fff107f0c7e9031607061603d8f5f6e1
fa040602cd0106fe01040e05d9eb01e1
0701280fee0010fdfff3f610e5ff06e0
fe041a0601060dfef7f40118ecfe05e4
fa100704030707f0ed05140ef1f417eb
0c19fd0d0f06fe040bfbfe11feec0efe
0e08010a1709fa081b03f80b14eb0203
1eeff513f9ecd7101e09f6fa1e0afe05
19f60310fcf5e80c0301f3052901fd0a
f3ed09fc110c13eff7fcf10502fa0dfe
fe000e06190712f3fcf3eb1300f81202
fe020402fd010201fc0103fe00010201
fe0404fc0303fd04fd04fd03feff02fe
030005f90402ff00fe040505050404ff
f101ffe911f407e8f0f7eb16fd1be902
ff0506f80f1504e7ec0b0d2317181102
07f5fe03f7f4fb09ee02091aff12f3f2
01f20afaf6e60502fc071e11f10215ea
01ee00fa07d101fd0dfc0514020cfa04
06f6fef808d4eb021000010b1103f703
10eb16f4f9c9e4f901041e0607f8dfe3
16df17f7fccaf2fd0efd1cfd0ae6e2dc
1dee18ecf6cbfdf9120921fd19eee4e8
0aec1cf0ecd405f3070709f422fe01ed
ffec06fae7bbfff00a0a0cf81af002ee
f6eafff2f1bcfdef06071307050108e6
ffed0007f1bef7010806ff0108010ce6
faf00efcf2e800050201090b000207e9
08ef0bf4f8f3011102050f06f004ffdd
fff510fffc05ff1afefe0dfff303fffc
f3fd180202100d10f7f3ff05ff0bfc0b
03ff0ffbfbf70809faf810faff08f8fc
0802ff010e020c0af3fd1ff901f9fdf9
020cf915141e010107fe2e0901f109fc
f909fa071e1c0401f8092a030e0306fa
f90bfb1d12090a0108f1030a15091507
020ffa0e130a0bf81910f7051ef5181c
ff0f0905220323f11107091412f91507
0f051013120815f808ffe92404f91304
15f6071708f1ee110cf8fc0303f20cff
00fefd00fb0102fd03fd020104fefefd
fe050404fefdffffff03000102feff01
03fe16f30de203ffebf1e6220217ebf8
080c1bf1ff0416eefafcf60d0bfc1103
14fc14fb05e50b04f700f90e0a07f0f8
f109f9fff7eb1afbfefa2918edff0def
fe01fdf9f6e604000dfb171cfa1403fb
06fcfff604f9f5f7100c15080c13faf2
0301eb0c11f012f213002207fce7e2f8
faf6f30b01ee15e50b001d0407edf6f3
faf5090afde30bdf00fe09040febf6fd
f0f20b09fbe009dbfe09f5092cf5000d
f4ff030006dd0edf140af30e1d03040f
efe8fe0506d50ce51202f51719070902
fee8ff0402dc05ee100b050b09fb11f6
ffe7fefbf8e406f20405011306f903e5
0cfe04fd08ec06f606fbfd1105fefdf5
01040a07fbf1f40afaf208090c0b0bfd
ff000700fbf5f31ef4fa170517f8ff09
0def09f2eef2f81cf7ff230a0703faff
12f415fbff050411fdfc1b0712fbfe06
04f816fe0e04050e03f308fd04faf501
f8020dfc11080ff6f7fc030af6faf7fd
f604fafc0b021004fe000f0bf5f004f9
0307fd14070206ff110902000df109f5
0711050932fb06fe2e13fcfa040601fe
2afa19192a02f3070df0ec1b07e41d16
1bf806170efceb170efcfb0706f314fd
03fe0200fe0301ff01fc0001fcfcfe01
0c0c09f103fb0df30f0d010efcfff6f8
06190011021b020b02fc10fb070b0e14
091403ff0f1608fbeb0105fa10f10b1b
170bfd0813ff0efbe80707130201fd09
0b21f70902f10cf0fe011b1af11a00ff
0708fefc01ee09f00405120efc16f5fa
05f50303fbf511f108050e060e09eff6
0202fe1107fc12e10c030ef90efcf2fd
010e0203060e18da0908fcfc16f2f511
f8fc0f06040515d9fe04f00a1c01fa14
f3eb0b0ef9fa19e312f6e9102403fe11
f5f20408fffb17e22000ec101c00fb15
f5f80304ff0111dc18fede0e23050b0f
f7fc0606f70106e90afee40b20070c12
fdfc070cec0100f7fd02fb0f24f9060c
ffff060ae6f905fce8ff060f1905070b
fefc020bf7fe010de6fc180917fc0d0e
fbfd040000fdff0edcf322070aec0805
0504f60703fc0613f9f91a0af9f7090f
fb000001fc0a0512eff61101fdfe130d
edfdf6fc0e0c000ff40110fbf5f30306
f904fbfef6ff0807ff03fff5edf8ff02
fe09fff8eaf8f9ff040e07f9f8f61105
100d0c1102f60cfd1700faf4f1f21504
1c10010f1ff4000020fcf620faed0113
0717090621fb01f40afcea1f08f10a15
16ff070b1403ef0f10fff90404ecf9f9
fb01ff070603fffcfcfc0500fd00fffd
0f1210ed1d0711f31718161bf4f3e00e
fa14eb121417170b00fa0cf6f3010219
051ffb001f180eefde060b0a01ee171d
1e06fdef1a000500e911120c0909f4fc
101bfcfb01fcf5f6f40f1e03f70ce6fe
0115f700020bfee8f50b1ffd0c01e507
100502020a0701e2f7fd18f70604edf6
01150bff090f07d6fdfffdfb1e04e20e
f90dff04fd1510d40703030a0b04f200
01060706f90911dd03fa00040e08fa06
04fb0c00f8090eed10f9ea081a08fe0b
fdfd0500f81413f116fbe4051e040815
fdfc03fef81518fc1302dffd150d0517
f8f70dfff4100ffb03f7e5111809120b
fef9050deb040a04f3faff0618020a14
f8050408f60919fce8f4120a08000217
f804f706fe0f1afaeafd1cfcf2f70705
00feff08060817fcf10221f6f1ec07fd
fa05f10506031506f60323fae000050e
f30df50206031511f10210feecfb0710
fc04fdfe08fb0116fffafff4f2fcf804
fd000dfc11f3130a03fa02f6eef4fd01
f30cfcffeffb0afa040c08f6ddff1502
0a18f102ddfef60b0808fdebd8fd0904
201df011f4ecf70c10fae505ece7061a
091500041507fafc1a02ee1303fd0c10
16fd000d280ef70a08f5fb0d09f1fdfd
fcf8fdece4e6fae202ee15ff0106f3e7
0e09fafd1afb130012ec080efdf2e818
fb17e60d0e080006e90b13e9e4180505
0d04fd010f00f8f7df160902fd121afd
1404fef22602eef3e31613fbff05f6fe
040cf4fc0e02f9e8f50e1cf000f7e104
f708fd060004eee0f80218f91600e708
050b0302040102d8fa0411f50b08e6fb
f706fe0a020d05dbf1080dfa110be509
0309ff09fe0f0aee000b0e010c0fe805
0710ff03021208f9f800fffe0906f313
0312fd0903150e030ef5f4f10afa0015
040308fc0212110116fefff3ff050e10
03fb0dfbfb081b0d0e05fafb090e1107
f6fe04f8fe1225fafe01f309070b1110
f402fb05ff0f1dfef6000f06fb0f1112
fe0504fef8141afaec0416f0f4010506
ff05fffbfe0d22f0fb0211f1eafc0402
f9fdf6ff02071deef7100fdef8f9050b
fd0400f6050019ff010a04d8f2fcfc07
060ffafe0a011cfb03feffe3e1020003
fb07fc05fdf5080bfc0106e4ed0f0aff
f60e04ec0bfe18fefc0a04ebe70afe0a
ff0efff810fa25030df50de9def0fc0c
041af309e204010c07f4fae9dcfe1f10
011e0207e8fbf8fd120af201f51f1b17
090410f803f40d011e03fa0e020e0510
1103100318fa03f206fafa010608160f
0208f608080e00fc05f80c04fdfdf907
ff0cf8110d090de90fff0e03f9f4180f
0511f6fc0d02f405fa0d0ae4f61c05fe
0b02fcfc15fafa04e513fcf80113f5ff
15fef9022504f9fbe3fe1d08fff3eff7
021304f71f0cf1ebf2080aea11e7e017
f80b05040f0ff6e8f10c0bf51b08ee0b
fefe0b02130700e2f5001003050aecfe
04f20a05100602e3f4fd08f10c0ae505
fd0308040c09f807f20512e90a0ef213
fe060b031110f40ee9f901e5ff08f90d
060b030c1416f70706f701e7fdfc0f11
0708fc051b190805090109edef050d13
fe00fafb1f12080202040bffef050b0c
f603f7f925151df9050dfa12efff1205
ec03f5f9170e1dfaf508fe04ea020202
fdf804fb12150ef7e80708eaed0d0001
fcfbfbf1090e18e8021002da010a010b
f201fcf905050fe80d0d07d30701020f
fc03fef7fdff0aff0f11fed2f704fcfb
0a0df6f4060101ff0a1d04c7ed0dff02
ff16eff901f7f403091108d3f40bfd06
050ffeea0e051efa0901fccaec0bf80f
0df90ff11af60dfa06fe07cff008ff00
02fa072005f9020001e701e8f4182105
140e1d1615f9f4f51bfaf009011c271a
0bfd06fa0df1efef25ffe7fc040ff605
f717f4140e1009e30af1f9fc02e7fd11
ff0bf90b0b0efdff08010603fbfbfc0a
0307fc07030104f600f90f02f4fc0b07
f21ff21201f306f3fffa17fce70505ff
001100f60d0bf806e81e05030810fbfb
14f9f40c14f8f7fdf1f706fa0503f6ff
010a000d1e00eefaeb00f2e214ece617
fa0d05032012fceaeffefaeb11f1dc19
00fe00ff140effe1f3fb04f106fdd90a
ff0303051a05fdf4f8f207eb03fed718
f604f80a1607f404eaf515e00107e919
f90802012409ed08effa0be9f608f416
fc01fb022a06e70cf8fb11f0eff80404
00fafaff3203d90c04001401e700080b
f7f8f7034704d8020a070313f1f50902
f3f6fefe3602e5fc030beb1400fb0a00
e7fdf504220ef7f1f3fefcfbf3fd00fe
f3f103ff140cfbf1ea0603f308fbfafa
01e801f50dfbfdebff1009e812fafef7
03f105f710feefed100df9e31905fffd
fe0207fb0d02edfc0e13fce5ff1000fa
0b0c05f810ffe9f9121afad90b19080a
fe07f6000bfef2fc0d04fad2fc0ffa0d
fff7faf8030501fa0305ffb4f2210407
08dd01f707f0eef8fffbf3c5f62e06ee
13e4051611f0faee00dbefd5fa1f16fd
0a0d0e191505ffeff7ecfdedfe171d0c
181403012b0205f218e9e5f7fa020314
f60ff101030c15e81006fb15f3f6f709
ff08f9080a0f06fc09fe0b06f8f9040a
ff00fa01f4effce50deb13fceefaf8f2
ff04e6160b190610deef260fe0f71c0d
11f7fc0610fc00f6e712040301030502
1af40b0522f9eefee9fcf9000bfaf610
0303f7082a02fefaf7fc00f60df5f41d
05ff01111d10fbeafaf803e70af4f020
0002f907150df5f105ff02f100fce115
0005f4060c09f403ebfe00e8fc03de12
ff04f9051d0be60bea0112eff509ee0c
f7fdf6011ffae50aea001807f7fc0305
f9f4f30128f9dd07f5021710f3e60701
f1f3f7012ff9be140d07071afbfa0b01
06e00f0c1df0bbfa1806e41f11f80f00
00e1080605fccfef0f02da1510060efb
ebeffd000c09e8e4f803f7ff0df70304
f1f0f60a090eefeaeffc07fe1cf70200
efe4ff0904fef0eaff0b020221f90df7
f4f002fd0703deed020303f9110e0cf8
fffffffe09fdddfd0810ededf911fb03
f9fffbfd04ffda07fc0ff1f0041bf807
fcf201030409dc000904eff0ef21f3fe
f2efecfff710ebf00c03f4eae824f603
fbdee40d01fde2eafbe6f2e7e72ffafe
1bd9f91c02f2e4e209dfe7e0f33309f8
24fe0afe17fbf8f90bf4e5ecfc1c1706
311114fe2905e9fd1601f3f3031d1e13
13ef010b0f0a0de8f0f00318f3f50a07
f903fd010302060101fd0000fefc0003
fd0cf908080710fdfdf80d00f5000003
f106e612150bff07f0fb1b09ef031e17
12f80d16ecfaedeff8fbf60b08ef0e1a
03f4f9090407de04edf7eafb11fe061b
0704f4021313f1efe90405fdffffec1a
fc00f9010218dcf2edfd07f200fce40e
040dfd081109dcfbf8fe0ef7fbffe306
fb0cfe0e0d08e50aebf910fafb02eb0b
f80b09070cf9ce10e7fa0e0a00fef8fd
fe0900fb00fdd804ee05191900ff0401
09f80404eef2d30f00040d20fef60dfc
02f00bf3efe4c4001a13ec24040606ff
14f40af7caf7c9ef1c10d2191b131001
10ff08fbcafbdbe50707dc1117070af8
f8fef50ee30df2eef80b09fb13fc11fd
f9f8ec0bf802f7fbf606170615fa04f6
fafcfb060306effb060701fe19020604
f305f605070fedff02040103010b030c
f613fbfdf908d701fb13dffcfc0bfa14
ee04f9fef802d80d070ef3fe0221f018
effbfcfbfb0be40f130cf208ec20e808
f4f5e407f509dafc14f4fc0ce515e7f6
f1e8e214feffe5ebfdf6f00ef12af2f0
17eaeb0900e7e4de17ec05f3da1ed6f3
26f902ff190a03dd20e3e6f1d70700ff
29fe0d0e2018f9d905e3fcf9f8f31413
15f5060f13160fe2f3d80413efe2f507
f6010ef3f3f4f20df3f20317f50cf7f0
f90af50a04040dfffa0112fff3fcedfe
f217e4141d1818ec0bf2190bebf6ea16
1bfc0b0deb01f4ee01fbf408fcea0211
00f7e50ce303c8f1dffaff01f8f7f105
fe05ec07f60cd3ece9fffa04fb03e308
fc0900fceb13d6fbe1fe0805f1fbdaf8
f70f0108e80fcc03e8f70809fffad8fe
f71205feed04c510f3071111fe0df4fe
f90a0c07effecc0efb080c1dfb1809f5
f60bff0ce4f6d40e0501fc1f01120dff
0a13ff00cef1da091509f01afe18120d
0d0bfefeb3f2e3021b04cb16fe1f090b
160dfff9ac00f50b0f0ac0030f0f0117
0c03feffd0ff01feff0eeb060812060d
0201ec0ed9ff0408030906fb08110bfe
fa03ec05fbf6000806090ff80d0402fe
f513f2fb0409f9ff070e03f30606fd08
fd16f7f70008e9040118f402fd04fe12
f80906fefaf6e7fbfb10de02010d040b
e90c0bfc0808defb0e05f00508180319
ec06f503fb0ef70d11feff07f307f202
f2f2f205ff10e50309f7fb0cf7fadbf9
faf7f717fcfce6e7f8f3fb1bfdfaddeb
0f04fd0dfe06e4d702e8f015f7f8d7ea
19f703fafb13f9dd16f8fd01d5f9fb06
1df906f022090cf914ecfaf5f3e3f81e
0c0606f317ee060404f800f7fcfef00a
07080707fcf90ff512f6f508f7f60dfd
0c0af9040502fbfbf6050d08fc020cff
0210eb110d120afaefea220bf0f7fb0d
17fcfcfdec02f0fd01f5f20bf2e2ff0f
f3fedf06d502d700dbf10508f2ddebf9
f80ada04c802c9f5e4ff0bf6e1f7ebec
000b0407cd10d5ffe1f8fd0501e7e1f2
fc130404c616dd0beffc080205f6e2ea
f41a0202d715d20cff01170dfc0cfcee
f91bfe04cd11dd02fe000e14fa180ded
0517fe0cd901f50b1201f80c001610fc
1612f705c5fff7121700e600fb1a0d04
1518f303bb070009130cd1fdf3250912
1b16fffdcbff000c010acbf4f4210410
0b10fbf8e1ff0e04fd0aed04f11e0f05
020bf705f3ff1004010b05f2051d0c00
010bf702f6f50708080400fc020a01ff
f916eefbf80200fd0d17fcf4f5020007
f70af606fa010100fb0eef0c00f5fe0a
f609ebfafefef7fd0011f907fcf1fe11
ef110103fa17ecf9fffffb0f09f8090d
ec03fc000105ebf905f8fc1203ff04f5
f1f9f3120604e1f9fdf1011104eee3ee
fa11ea0d0701e4e4f8eb231001dbe1f3
021bf104e811f7e3f0e9180bf3dff1f4
15f607f3ecf6080c0e06fb09f2e911fe
0c0605e514fb1c2315e406f5f2e7e415
080906fa13f9090705fbf9f1fcf9fe05
0b0c0606060012f716f5040ffaf90b00
10080dfbf8fdfdfafe090d070a090d00
0a0ef5f0f9e4f40efcff1d13f80ef0ee
050ff2f8eff5f91a0d010203fafde212
e906ebfed506e302e90100fff5e7f2ff
f20cf002b712eef7e3f402f4efe1f4dd
fe120203c119f605f5f40e0409d8f6ed
020dfe10c318fa04f9f611eaf8e0f5de
fa12fd02ce27ed0f040808eff4eef1e1
f812ff06d620fb041602fcf5fe05ecea
ff19f908d31c080919faf5f40111f9f4
0d150205e31fff0c14fee3fcf317f4fb
16180105f406060a0801d0fff12c0cff
170a0bfdfef9110cfc05cdf2f2270600
141208f5fbfe0716fd11f0f7f3240704
ff14f40304070c1603120af1fb190f09
fe0907fbf9f1030f061000fe060905fc
ee14ec07ef0400fe080ffe0901f51108
fe11f509ee0afffdfd0ef80c00f21506
060bf4fcf503f710ff0afb0204e9fd05
fa07fb03fd0ff7ffff010d0e06f2ff03
ef02f7070912f9f809f9121103faedfa
f609e60a080edfee080d2f0d03f6f4f0
0313ef070509ebe8f702241406de03fe
15050bfce9090de7f4e40a14fadbf5f7
1be50109f1e70a1006f30005f9e8f8ef
fc1efee0fa140e270ffffe05ea02e710
0f0a0bf103000b1f08f6f1080ff4ef13
0102f8010505fcfdfe100900fffff201
080602f9f7fdf5f8f608070d080f09fb
150f0ef1f6e5fa0d000411201423f1f8
1512fcf8ebeef208ff05ffff05f3ee0c
f8f7f6facef4eefdfdfef9fbfcf507ff
f9fff606c6060603edf506fceed803e5
f509f002c7120e0ffeff17f3fcd0f4f1
fafef8fcd51d0b11030a1cefecd1e7e5
0005f108dd280010120416d8f5d0f0ea
0b05fbfdee2303101b0206d2f5e3eaef
1402ff03f022040b21fef7e8fefcf0f0
12050c02ef2801101402dcf2f70bf4e6
131410ff0c2905010f0cc8ecf9210efa
131618f60d141004000ad4fefc261009
0b0b07fb04fd0913fe07f101ef130c02
fe16f70306030e19000714f2f20a0b08
fc10fa0706ef0d100109010201fb10fc
fc1aec0a00050604100cf70803e9130c
0014f4faf610f800070d060b13ec1603
0a130000fe14f901060c05050ceafeff
ef0dfc08f60e01fafc040b080df7f9fc
f91409f90d0f06010df6161f11f4c205
070c0a030303e10308fd17191ff3d8fa
100a0e0706fde7fb0a02100c19e7e3f8
1a041cfbedf9ffedf9f81e24fadce7f8
1dea090404de08210ced0615f2dde8f4
0f1a02d80a010f3b13edf70ef5d8e113
13090eed0a140d0df9f9e4f31df4ef0f
04010001fefe0303fbfefffdfe00ff03
020b0ef3f5fffaf8fa090c08030b0bf6
171205f0f8eef802030612130e1cf704
130507fae9f0fb0cfdfcf91626f8e811
fdf8f9ebd7eefafc0d0cfcf4fbf7fcf0
ef04f401d5fb0afb01f716fdfae3fbf6
f302f802db071afa0af810f6f7d5f701
fefb01f5e81d120406081cf8f4d905f0
04f2fd06fa1a101411080cedf9c8f9fc
0bf0ef09f81b0806170602daf1d7fcf8
11edfc07f61e060a1bfefae3f6d6fcf2
13f40609092404001b02e5e7ffea05f1
10f90cf90d2504020e0dd7e2ff0505f7
09f716f219150109ff10d5f9021608ff
fef3ff010d09071afc020100e90508f8
f904f40e070b0c13f7fe17fcf2001402
fa06f20606ff0b00fd0a0cfdfaf21502
f80bf30b0311fdf80507070506ea2208
0011fb060705fef614020d0505e11602
05f901fffa0502f50a0503080aebfcf2
f6fffd09fe0508f607f60e0310efdef7
060911fa0606f8101201171e0907c2fd
110a0501fd04e1021702171501f9cffa
140807f9f3f7e3fd150c170d06f2eff2
08fdfb0bf4eb08ed0df81e09f4f1f901
08f1ff0126e4160b0fe4f301fafcf800
fd0ef3f81c0e14241cfbfdf7f30d0708
19fe12ec1b0505fcebfee5e225fdde0e
fdedf9131409f903fbf405090febff0e
030003ed010900fa01031004fb0105fb
0611fff50a07f0faef0f13170c170f07
08fb0eeefdecf416080c094020f4e61c
0302f8f7f8e60a0b1201fbfc12fb00fb
f50903f7edf211f512fa080f05fbf80a
f3f4f5f7fff00c0219010c0d0af70106
fdedf2ff0df9170f14f90cf8ebdfffff
ffd7f30402fe1615130012fbe4d202f8
00daf208f5fd070d15f70ef6efd601f6
10d4f10bfd02050714f4fff6fed3fbf5
03e3f802041406f40f05efe203f007f8
0fd600fc100a0e06060fdceffbe90aec
fde007fb17010013f511e707eeff0cf8
f7e9f4070a040316ee02000af0001903
00f3f9051609020afc011203f4f31d06
fe05fc05030e09faf9081406f8f11e07
00fff80d00100b0500fe0d09fae02208
fbf6f70501fd01fc07fd0d0afce812fb
fbf501faf00615fb09050dfa14f4f2f8
fbf70404ef050af4020319f814ffd7f3
fefe07fff708f9fe08041d190f00c002
0cf902faf904ef0905011b1004f5c6fe
0f0e0df8f4f3f3091dfe110c08e5dd05
02fef800eed2f3fd19e80c07f9d8e909
14f403fcf1e4090cfad4e70ff70404f9
fc08ed04251f24091af3dbf0fb131e14
020219eb0903181b15e8de09fa1aeb0d
fb0103f3f700f6f7f4f60104f6120afb
ef00f5151015ffe7fef2111302f20605
040b07f71e1e0efbfdfafb0d0803090c
05fb03f5fce407f80916112d1afcf905
02fef9fb04e10c070f0ff6041706fafc
00fd00f1fed50ff9080bfc0a0ffffb03
f5f5f1fe05d614fd10fe0b11f1f7fc07
f8e3f5f80fd3100415fa0a0ce6e8fcff
f8d1ee0518e314fd12030c04eee105f4
facff305ffdd040414fd0c0fe9e0fcf5
07d3f209fade060917f9fe00fee1fafb
06dbf20902e313000ff3f806f3cff5f1
04cdfa0b0af31101f5ffe50dffd403f5
02e400f81af30c06ea06e915f2ed0500
fef3fb0112030f02f8090715f5f912fd
06f0050210ff0e03fa050f11f0f213fd
030006ff010afd00f700100ef1f81e0b
090400fdfa0b0702fe021701f8fd2113
01fe0afffd04fdfafc04100303021c0b
00f706fff0081101ff0b17f310ffe209
00fe0703e60b0ffbf5081ff50bf4bc07
060109f8e611020c030a160812f8b601
15f116faf3faf11903f704110cf6c2fa
180c17f2fdebee1913ee04170ef1e30d
fc0c0305d8e9fcfcf8e61a10fae20601
06f81bf1e2f007f8f2d4e61af00a0ff9
060c13f611190d1612e8d9f10e0f0f1a
fbff0ef2fdef141407e9edfdf81ff7f5
01fffd02fe0204010300000102010301
efff010d0607fcf3ef0b06fffa0715ee
020709f0240f140017fae7000214ee0d
06f310ea14ef0ef80d06f8231bf9e70b
02ed030210e70c030f09e3f5221a02f0
fee501ff0ccd1c06ff04dc021c070807
fbf8fef817c30df40cfdf60ff2fdfd07
07e8fbf417be07f81b08fc01f6fff500
fbe8fa001ad315f513f6040b09fbff07
0ae906030bdb0e0106f70810fa0000f8
0ee7f406fbd30a0006ed0007f5f7f8fd
08f8fa03ffd10efb03ebf410e8e9f5fa
fff5fc0103e50efcf9f6fb16eaecfcf7
060111fc08f312f1f206fd0ffdf20806
06020dfa0fff0c02ef0d0914f5fb16ff
12f50bfe15fd0dff02fe0613f2f50ff9
05fe07fc000e00fcef001406f300170f
0a0d11fbfb080601e9fa1b07ef112214
090415efff030509f0001c09f90dfc09
f7fb12f4f30e08fdf70119fa0a08d105
080515eef00f0b01fd0812000bf7ac08
140219f2eb070c1206070c040cf8b4fd
0ffb23f9f7fdfb1c07f604110e05d9f8
0f1126eef803031304f5fe1f07ffe90e
fe080dfbe907030be5ed11110bfb010c
0a071e15f1201606f4e3e6040bfc060c
fd1025e90b14070507f0e4fc060a0c11
f8ff02fbfa06f8fcf1f60301f6060803
f7fc0ef1f1fdfefefef6ff09f80801f3
07fd01f50807fc01050101fcf616f107
080909ef1c0e14f80ef7e6fd0113e70e
07f510f00c01f9f31205ef0afd02eaed
06ea0bfc15ed170d1003ecf2121cf7fc
eadffb0c0ae91e0609fafbed0b200203
f5e705f700d6fffb0bfcf2fc081bfe00
08f40cf203cbf5fd1a07f5070918ff07
f4ff0afc08caf80411fc02040d160103
05f9100813ce05010ff5f10a0f07fefb
f8ff050708d7110207f0fd0d0108fbf9
0a060a0702e9120411f3070bff09f7ff
030d080405ef130b06f7070c01fafeff
120e170816f0130300fb0705f7f501fc
14001afd17f90d01fcfe0107fcf707fd
0d00160614ff16f4f6000503fb0414fb
060611fc0d0c0dfdf00208fffd001507
0a0017060efd020bf1fe10f6f7030906
05f61df20f030505e9fe1afff905e009
08f41bee04000901020412f8fff1b601
03f71cf7f4fa0bf806fb0b0912f2aff5
06f819fef609160df8f715030ef8bf00
19fb1af306f609110800fb0d04edd3f6
090b1ef316f7110810ece81508f0ed16
ee0c10000c0b14f7f4e5fc090df30116
0809160a080e22eefef0eefc11f0fa07
05fe0e06eaf020e20be20aed06ece2ed
ff01fd000202fffdfc0006fcfd00fb01
f5fd11f3f100fe00f6f5fb0dfa08fbfa
fdfc04f3f905f6fdfb01070efc0d02f5
09070cf21c0e05030a04e6fe0006e910
1d041c07fe1403fd01f8e8fc1414fdf6
0af6150209fb1a1214fff7000d13fa05
f5e20ff905ed1e0b02f800ed072300ee
eee80af90cf8ff011100f7eb052300ff
fcf417050eeafc001802e2fe0a1a0305
f70018030ce1f80008f7fbfb0b1a0503
03f70e0b16e003ff09f203050e08fffe
ff01040905ea0b0a14f5f7020d0503f7
0a09110406ee0c011f0200fe0f0c07f3
12040b0c08fb100512fd03fd09020af5
0e01110113ee0b04040100f5f80207f0
0a000f0a12f708fafafe00f701091801
0df7140a10f210f8f5f80ffe02ff11fc
0bfc100b0cf60b05f800fbf701f70907
10f317ff0cf6060ae3fd10ed0102fa02
0aed17fa12f5fd03e30318f6f9fed4fb
12f213f508eeff01fd0521fefc03c1fd
04e921f5f9f508fff503120b0b00aaf3
05ef0cf4f7fb0902f5071007faf7ccf6
0f0310ee050007fcfb0af91004e3d70b
000924ed19f814f106f7d81610dff020
f10f0bf7140e14fbfbf2eae10ff6002b
fafd000c100a1df7ef04f5070913f70e
0b11110bf60f14edefef0a0f0a0de300
0100fb00fb0500fd00040201fdfe01fa
fe030002fcff02fffffd02feffff01fe
fe01ff04fcfcfcfd0100020203fcfc01
09060cf000fff500f00f070d0b17edf7
25192ffff9140404f60afcfe2611fc0c
212419090c091d0321f8ef0b1703fe10
fdf713000909150efcf7f006250b0501
f10a0b030d1410030e00f9f913fafd03
f00c0efe0a0b02f4140cf6020c04040b
f8fb150a0bfdf1f609fee2001d10fa09
04fc12060bf102f80bf4f4110f0cfa00
020310fb02fefff8100302121b0cf902
070716fe0b050bf70e06f31122040107
0306090305fafff514fcf508040302f9
060209fe0af504f20304fcff070805f4
ff08130808f5fcf5fefdfd02050510f3
02fb13fb0eecfefbf8050b0502f3fef8
0bf614050feb0301f7fb04f6fcf4f401
08f113fc0ef0f5fbe20808f000fadfff
10f319ed0cf1f9fbeb1710ed0101cffc
12f30c0113e9fefeff031bf902ffc9fc
0fe81af207eaf9f5e5ffff0e0ef7c8fb
01ed12ef03ecfcffe706000a04eedb04
12f521f00d010406fef9daf90ae5ec13
020118f90f0814f40301ceef13e6f226
f2080a00111d15f1e9fce3e61ff5fc2a
fd05090d130f16f4ed0ef4fa1301f311
f31918fa1b101deee7ecf4170412ef01
000101fd02020400000101ffff0204ff
040202fd01fffc00fcfc04fefd010101
fc01010101040200fc00fd020000fcfb
fd0af4ff070609050b0408fafb010bfe
15110bf40d1bf5feec16010a1816080f
01fb05fcfb1f170de1120d0a0809070c
ed07f707032206fbf704021010fd210a
ef230bfa0916eb0a0814ff1d12f60b0e
f6170d030018f3030010011a2b000716
f407110af10e0103fa05011c1a0af80f
ff0b0b00fc0d14f40403ff130f0ff6fb
00010af8f30af8ebf806030f0f14f7fc
02120bf2fd03fcf21011f4fe0b090201
0a0a0c0101f5fdf20d01f8f0040318f7
fb0b0bfc04ffffec030205f9110024fe
040a11f70dfdfdf30109feff0df707f9
02fc12fd04f608f3f4070eff13f5ffea
0ffc0d07fbf9f700080d0fe809f8f6f0
0d030ef5140309f0ebf6130000f0dafa
12f915fa15ef06ece8fa00f7050cc005
08f5070119f8f9ede5f904f70909c213
05f70206040ff7edcf0408f30a05d10e
fa0605ef0010e9f4defbfb0c0101db1d
010808eefd17f2fe0406e3de0bfaf81f
f2000bfff922eafff201d6db1cff0023
070e16011e0b1bf005e8f1df12e7f922
f70409f212f60d0401f3f706f0fdf8f8
020306f906f20e1102efff12f3fefdf5
03020200fffefffc01fcfd02fffefdfc
fd04fc04fe01fcff0304fe030302fefe
0003fe01ff040002fc0303fdfe0301fe
05f409fff00bf40ffa0bf6010a090afd
ff10fb0e0f0617ee1af7f705f8eb0d0a
e824e7fa0418fdf907070913f5f71218
f128e7eafb1ceff7f81ffb0e110f230f
fd1c14f412fdefff0a10071d14faf315
fe0c10ff130c0effed030f151befff13
02030cf1090c0c09e80c1bfb120100fa
0bfa07f9000d06fdf40d0809090afff8
0ffb0efdf217f9f80128feff1708fd17
fc11fb08fe0dfc07051d09fe05fa151a
ff050df61802fc0800001e0006001501
ee0919f61106f208ff0710020d090d02
e6fd0c000dff00060305120c17fffb09
fc020d0011fe160012f90cff1ef5f812
07080d091213091d170108e617f80128
0b010eff1e03040500f3fae00af8eb21
fd0706051d11f9ffe5fa05f60706d920
0cfa160c1c17dd01d7f7f108130de01c
0200110e0e14e90fd2f5e8e71503e81d
fa0f0616030ff2f9f3e8f3dc0df3f515
061b0a10010cfaf207e9fadcfd03000d
0a1a030ce40af9fb0ff0efebf40f0a0c
11141321fe09ffec0cecf3ee0afefe10
ff030201fdfa061000f3fd03fffc020b
030304f901f6061306f8fe04fbfffd04
fefdfc0003fcfd0303050003020303ff
fd02fffd00fe0000fe01fb010400fd01
0100040104fffefdfdff0404020101fd
fffd01fd01fefe00fe030302fffc00fd
f9effc00fc00ff04f000fcfcfe020906
fc03fcf2d8f1dd24e91bfdf503241ff4
fbff04f2e2f4e122ed18f0f91b2029f5
ee09efeeeb04ea15fa1ef9f7151f25fe
e7f6e10200110d0feb0e07fe0008150d
fef5e708030b1116f40a15effd000f0c
fcf2ea16ec140d00fc0504f60f04130e
05000bffff1ff4ecfd0efc0120031312
f1f40f040c10f204ec02081520022e0e
f0f508120a0ff407f1f704ef0d002a16
f1f70e120c26f9faf5fc070110f82826
dae1021cfb2e1407e8fbfaff17082b22
f2f4050b001126f9f6ef070f18071d06
f9f60d15fb2205020feaf800130b3111
f9de1115fb1afa0be5f0f3e21e143419
fce00b141010fe09e0f3f6ef18151c16
f1f2fb242c23e806eddc05fb04f70022
e9e6032e1128d910e4e5effa1b000624
ecee0036fd1ee7fee5f9f8f611f80922
f7eb0926fc16f3f9fdf904eb0aee1214
fcf50b0aff05030a0508f3fc12fe080e
f4f2fb0dea0e0312fc05fbfd0f0b0808
fc05fa070b0710f50afb0404fbf30106
0202fe01ff03020200fe02fcfc030001
0204fffdfc020204fe000404fefc04fd
ff0201fffdfbff0103fd02fc0201fd00
fe0202020001fffc04fdfcfc02ff0200
fc0201fdfcfdff01fe02fefe04040202
03fe04fd00fefd00fc01fc04040100fc
020bfa050f0d02f009f51902fceefa0a
0216fd18191c08ef0be72201f8e7f310
00faff0a14091809f4ee100203ee0706
00f8000905092116f1f002fb00fc0f04
faf7fc0b010a080ceff401fd00fd0f07
02ffe80d09091d0af0ee1206f3f40c08
13ffeb25101c2b19ece4150fe6ec1612
0cf3f51cf70d351ee3ef040ae8021f0c
f9f0f919fa12301decef01fbf601170a
f805f31224131c10f3e71bf9e9ea020d
f4e8091d14241e13f8defbf5fdf51e12
f6eb1c1af00b3b14f801f3060f0e2206
08ee0b1cf81f3e16fff8fefa14081710
03fee61911201b1501e62005f8ff0d0c
ecf1ea2804141a1af6f60b060c0d170f
eef2f11ffe0e0408ffeff9030709030d
f2f5e20e0009000701ff0606f4fe0408
f6f6ef15f819eef4fdf81402eef80511
fbf2fb1af90dedf1fff60403f4f8020f
fc08ee03150904fc03ed14fff1fe0107
fc01fdfdfefcfefe03ff02000104fefe
0401000003feff00010404fcfd0301fc
04fc00fefe0101040403fdfffd000200
fffe04fefc0204ff04fefdfd020203fe
030400ff02fbfd03fffcfbfdfc0202fc
0202fcfffe02fe03040000000403ffff
010200010202fdfe020101fb00fefd01
01fc01020402000304fc0200fe0400fd
fe0203fd04ff010304010101fcfc0003
030202fe000402fffd030004fd000202
0004fd02fd0004030003fe0101000002
030000ff050200fdfc04030001020003
fd03fe0301fefe0204fd01ff0403fe03
fffc04fc0200fffbfc01fcfefe02fdfe
0303030303fdfe0003ff0401ffff04ff
fdffff02fefc03fe01fdfc01fffefe03
040a020305fef7010bfffef80601fe05
050d050203fcfa010cfcfcfb08fefd05
08030407fbfff502f40905f20804000d
050003040403fc05fd03fffb030203fe
04fbfd04020103000002fd04fcff01fc
fefffdfc01fdff0304fcfefc00fc0100
03fcfefcfd02fffffdfefcfc02fd04fe
fcfe000201020104fe02fc0304ffff02
000002fd00fd0402010003fc01fffeff
01ff04fe00fe00020404fcfc0000fdfe
02fffc00fffb01030104fcff03fefcff
04fdfe02020301fc01fc040004fdfd03
fe01fd01000001fc0003fcff03fcfc04
fe05fffd0104fcfd010403fefcfc01fb
fffffd03fdfcfefc0200fd00fefc0000
fcfefd00030200fd04fc0003fe0201ff
01ff00fffeff03ff0300fdfc0400fe03
01fcfc0204fd0403fd03fffffe00fdff
0401fdfdfe02010401fcfcfe03fcfffd
04ff02ff01fefe01ff04fdfd0004feff
ff02020504ffff0805f904fdfdfeff06
01ff04fffe04fd0300feff0001fe0201
fc0304030100f70b06fbf6f6fcfa0107
fffd08010300f90b09f8f4f4fffdfd0c
010d09ff0a02f3080ff802fc02eeff08
fe0805010bfff90505f6fdfdfdfd0007
fe10060907fafd0503fdf8fdfef8f804
ff0f040510fdf909fcf9f3f804fdfe0e
fe1008090502ff0d00f6f3f700f3f80c
fd150c130afaff2c05f6e7f4fff2e70d
0017ff0c08001418f203f609fcf0fff0
0907172402020803ebfffaebfcf10cfa
060908180a03fb0bf4fff9ee1102f91f
080a060c0601f815fbf7fbee09fef81c
f70c0c1408faf10c0eeef6ecf502f409
0108111b03f9ee0d17eff9eff3fff30f
050715150af9e30d23f1f5e502fced14
0204080c09fafa071ff9faf80000000d
00fb060905fffd0c16f9fef50102fd09
04f90f0a0700f80f10fcf9fbfd03f807
fc0404fcff00fdfc0000fd0200fffffe
fdfd000205ffff010103fffffe03fd04
fffcfefe0302fcfefc02000003fc04fe
03fb0104040101fd0104010402fe0302
ff03fd0103feff01fd03fd00ff0002fc
03fdfefe0204fc03030001fefe04fefd
fb04fffe0300fc02fe060101fc0102ff
03ed0e02fe010b04edeefaeb03f40317
fcf5130704fc0107ecedfbe9fbeff41f
020202040202fb0502fcfefc0300f401
fe03050007fff90a0502fef801faf904
00060d0804fdf8120af5f8f900f6f413
fff9fefe100aec1b1503f2f508fcf40f
02f9f0f80e09ed1c1013ebee030c0113
0a0afbfa150ceb1e0e08e8ec060ffb1a
0b1c0005140ce7271907dfe201fd0623
0e28f0ed1f02fcff17fce301ff0b0111
053d04f608ed07f8faf1dd01f2fef6ec
0c33fc0807e8f9111306dafeecf8e401
18171425efe2f814020ee9efe5e20cfc
1c0c1b3be1eafe04f80ae8dde6e80501
100b0938f3e6fcf1ff10f3e3ebe8e7f8
04ff0b2bf1fefa010b1901edebfcdff8
0efe0c26f2fe0302f300ffdde400eaf4
0a070811f4fff2ffff07fce2ef09f301
0c02fa1309f5e6fa0c13e5e0f807ec11
ff07fc2106f7e8ff190fefe4fb01f013
0a030b210dfde5070efff2e0040df81a
08fefd040802fc060102f8f40003fd09
03f9fbfe00050105f700f9f804fcfafb
fdfc00fe0104fd0303fd030404fefd01
ff02fdfd0400fefdfdfcfcfdfd010403
0104ffffff0401fe000402000102fc03
00000200040404fe01fefdfc010302fd
130510f5f9030dfff20100f0020717ec
03ea170bfcfd0e01eae7ffe803070317
f6f716151a05f1fdf6e7010efe0ff415
fffb06fe040bf608150914f40efeeb24
ffff02f80110e81e1d08f2e80b03fd1c
f60004030706fa331808dfeb01100017
fc0015f8f60ef71905f3d3e20b23fd1a
0e051bec0506f2080209cfe407280215
160d18eeff0e03f905fdd1d7072efc11
0c2d07f6fb01f9ef1b07e4dbfd0f1022
102613f1fcfdfcef05f7dae2001b0314
0e2c1ef2020301fd03efd5e90517030c
052a09f907fe02f409fbe4f6f001e90f
01120dff00f008e908f0edf4e802eb0c
12fd1404f7e20ae4fbf2e5f5f1fbd609
0eee130ef1ed0eeaf1f4f6fcf7e8e100
10e21321fbe6fff4fef406f6f4d7da01
04ed06260be2fbf0fbf102f0ede5dcff
f8f3111cfde90ff0f5ea0705fdf3d6f7
fa030b16f9e307fb0ff51408f6fcd4f4
0f050a03eff0fdf715f6140607f9f0f3
18ff1503ebf004fc1cfefa001300f5f6
1c0801140201f3fe0509fdf91205ea0d
f3fdf9f70e080a02f113f50c19fbf8fd
f107f6020909fefdfe03f50d0a03f500
fc00040304fefcfc02040000fe01fc03
00fdfc00020400010204fe0200fcfcfe
01010502ff02ff01fb0005fdfdff0205
16fe0de8f9fd1601ee0106ee040612ef
05fe1907f7090e05e4f01bf7020805f8
fef31202f502ff1200fa09f4eff2060d
02e810f5f3fafd140608f3f3f2f4061f
08e5ffea0215f618090ef1ee0815fe1f
fbec07ecff1a04051204e7f10b24e712
13ec21f5f20a02180107dbd8fd12e505
22fe2bf2fd050ffd0207ebe10529e002
1e0b28edfd030d0c0b05f8e80019fb13
231819eaff130d0e0efaf9f1171f1012
152808ddf5070af813faeefc121e14ff
072f06e8f70a0be908fcf2f8061019fd
001d0be6f70c04dd1205fd0306060204
080509f9fc0308cf06f2f4fafe070413
10f51b08fffd0ed400fafbf5fffaf609
0be8130b04050bd7000507010109ea0b
09f80a160c0308cdf6f910fa0115f610
1307120e08ee08d7fbe406fb0306ed06
fe110c0708f403daf9e500020403e5fe
f61cfd0b02f6fff701e60010f904eee4
001b03fb080a03e202f20b0af901f8ee
ec29fd0a09fafaf50cf91a0efe00d8f8
ee1c02f202f40cfb0a031b2d0315d3f8
e906faff0aff11ff07162626fefedff9
fff40c0802fc0a020cf90418080ae7f9
fbf7f80014ffef031907efeb0102fb0d
030104ff02fd04fcffff00ff03fbff00
010100ff0103030401fcfbff03fe04fd
1ef9210af60a01fff10100ddfa0a0b01
08f42207040b0f15f3f6f900fb16fc19
0ce909f1efeff42e0602fae8fd060715
f3e2e6f5e0e7ec10ecf8f6eefa0514f5
f6ecfae2f5fafe03f2fff2ec0921f5ec
fedc05ecf50e020b0cfcf5ec0b13e3e8
f6f2ebf4f3faf1070c11fff8080feae8
ec0eeffcf8f4f7fe000106040c19f2f6
0715fe011010fc03080701041018f907
fe10fceb0714020111fe1612141a00f7
0103fde4030c09f3180915110f1203ef
fef7fcee030902fd100506020f1209f3
fcee02f5fc050cfa0e04050516080af6
0addfe09ff1202fa02f8ef0311fe0ffc
04dbfc090b16fef507fefafa1305f801
01dcfc0c0a12fdf40dfa08030f07f2f8
0de3f50f160cfce601f6f9fb1e0e0400
17f9100f0a0008f905eef9f81202ea0d
1303191901040ced06eefffb1107d40d
1f111a0e07010bf8faf7ee03080be4fa
1420180807080beaf2f6f4fd0c08ebe9
021c011718f6f8edfdf3f5eef6fee0fc
f6270afd06eefff30cfe0d05fcfdd3f0
f41207f3020a0a09190e25181f0cdeeb
fcf505ff0e12f70313f90efc0b1eef04
f501edfa17faf1051108f7ee00f9f90f
0304fffcfdff0204fefd03fcfc040301
11030a07f9010807f7f305f80d0bf30a
ef0af70a17f9fa06f3f9120bfd11f61d
06f1f5f4fbf4ee29f311f4f5111f1214
00eaf1f4f2eff313040c0cfe120dff1d
effcebf2f9f9fceaecfd080d160cefff
f6e401e8f80f0503f2fffdf60c1df7e9
efe0fff9f5f8081207fe01f80d0df2ed
f3f1faf6f3fcfc0509060b080e15fff3
ed08f4f2f2fef90d170e1403191201fc
0607fef7f002050506021200230df8f8
0117f9f6f4fffb0805ff100a140ef9f3
000ef8f8fc01fd09040a0b061e0f01e8
fdfbfb00ff15041902f907ff151a0aeb
f7f1f30dfe14fa0d04fb0c081f1609f0
fadbfe1b0316040d09f900062b11fff5
fad3fa24061403010bf5020c18140a04
07e0fb23020a03f0090705091c0d0ffe
0cf9f922030df6e901fcf2081c0806ff
0b01f91e0303fbe40afffd040e00f105
0201011e070902e6ffed0800fffed908
0b0ef70f080506eaede700fd0c05e9ff
12100407070008def1f0f8090e18e1f9
0a110cfb02fd1cd705fdfe0aff0ec7ea
02140916190005e509e80800f211cafd
ee050c26210dfcff0ef6110d0223e5f5
fb0d02070802020002ed040d0520f2fb
07ef03f9ff07fa001101f3f6040af2ff
fc0301fcfe03fa0001fffb01fc0202fc
180e0efcf9040f08e9e906e0110ff304
ea03e6f709f3e506f60f0a0b12050610
fef5eff4ffeef524f812eb0718110f1d
17e908d1f4f80b1b0c0704fa18070821
ff0004f200040febf8fcfffe0616f9fa
eff9f8e7fc07010bf70509f9122004ea
fdf501ecf4f80407fa0406f30a13f6e4
fbfa0bf6fc0308050d010ffc121e04f9
010b02f2effe030803050b011d0607ff
061f0300f2010008fe040aff1a00f9f5
082203fbfa08fc0afcfe06fe160bf6f4
000c040ef6060116040303fd1c0ffee0
01ff0208fb0f032509ff0500211003e7
07eb04280714fe19fefa03fc220f07f4
04e00732020308040b0007122c1100fd
fedffb37020900e6faff040f27131200
00fbfd31fd0d02e101010f0d10041c01
150f0131ff0303d9f807060c16050f05
100c0023050505d4f70006050904fafc
03fff820100e04dbfcfc0c03fefaec04
09fcfd160a0705ddfb0006080900dcfb
19f8070908fd13cc00fbf30f090ccce9
16fb0e0c0afb21ccf5e5fe17f104c8ee
ff0a01080afa05da07f3060ce7f6e4fe
fa000c0d0f0104e90e070411edfdf0fd
0220010710ff01f70cf0050f0608f6ea
06f902000404f8fc0a04f5f60909f5ff
0109150109fd15fbe3e9fee9fd010a06
060ff10309fcef07f10af4ec0e15ff00
ee1df5fafde5fd06fe0d160e07f3030c
13040903fff90f1a000700021505f911
14ee06db030c031f0f03fbf606031102
f905fef8ff0afeff0007fd00fb1701ee
eff102f3fc00090306120c0d0210fcec
04effff0eefd030b030311f7010401e6
f0fbf7fdee0eff09030d0c010b0309f3
ff1302f9f209030804120e050e00fcfa
031602f5ea0e011dfd0afa061905fcf3
fe17fc07f7fef915070200041507eeee
0f140710f1fd0a1e02f604082208f0e7
05fb130ff501142807fdfd06230ff4f9
12e20c1908000c1af5fd050622120000
0ae0072503f60efaf4f70e0d1c111004
0ae70d2508070ce6fb00110f1605180d
0a070b1c06060ceaf8fc0f040f011e08
0e0b090802010ee3fdff12060f130e01
13f8091006fe02ed00fbff001308effd
0c0c07160f0d07daf9fe06fd0d07d506
0502040a0d0d06d501fd0e00f8ffc6fb
1f010d0601fd0fe1f9f205f80d0cd1e8
16000c0a04f516cefcf3f60b0306d7e7
f804fe0f09f60bd601ea1428f0ffeae9
ee12ff100c030cee0ffd2f37f8f4edd8
0b0010fe03fb100c0f000e201304d5de
01f40bfafa070707ffef0f150801eaee
fd0cf8fcfdfffc06fb08ffff03030bf7
0612e8fbfcfdec04f405f6fc080919e8
0cfe03f0fe090509fc021c0004f70507
1a030cfa0102071dfb0009f90dfef50c
05f3faeb04fffb1cf0f9fdf8f9020005
f3eefdf10002fc12051001fded1c08f6
00eb06fbf5ff0a0808080a05f30ff7f1
0ff006f9f60a0312fdfd0bf7f600fbfa
0903050ae60a0717050910f80504f4e9
fc0e0301eb0a081b04030c020603f1f1
fb16ff07f40fff23f904fa0106fff7fa
f61ffc08fffbf61afffff004f8ffeef1
eb16000702fcfd16ffeff8fe0209fcfa
f6f4140504f7111600edec03fe03fd0b
ffea1002ffed0e0df9faef03fb040d01
fbdd0df9f8f20cedfefd0207f7fe2704
04f911e6ffff15e9fcfb0b00f9ff2f05
08050addfb020af801f90cfe05012106
060700d706fe00ef03f903ff080c1401
09fdfee0f8f705ea0503fd000a02ebff
0903ffe40a030be10402090704fdc502
061002e305020bd002080b09fd02c0f2
140b09f0fb030fdefff805f20c0ae1e5
1c0315f6f6fc17e202f60b0010feeee4
f60a050a030409f5f8f51f28f8eeede7
f4150b100a0313f509f42e3006f9e9c0
07020ffdfcf5081805fb19171dfbd7e4
f407f40108fbee14eb00edec0405ebe2
fc0dfa000403f80afa07f9fc030711ef
0f09f5f9fcf9f309f702fcf803020bfd
f60aeb020302f4feec14080707f80ff3
0efb0403f9fb0625f5f60cf1fafff00c
fefc03f6f9f0050cf8fc0812fe09f3fe
eef000ecf9fdf7210913f808f416f2fc
02e201f4f9fbfb27ff020201f80ff6f7
04fa03fbf4030622fefb0402f101f802
ff04060cf914ff1b070710030102ece7
eb0ef80efe05ff1a040e0c07fa01f0f2
f81b0209fc01081601010105f701f3f3
f82cff0407f4ff0e00fbf303e5faf202
ee1a0e050cfd0afa08ebef04d203fd11
eff60ff7fff00dfffbe7d4fed4030204
01d218e7eef616e5feeede03d00312f9
03e50bd4f1f406e1fbfbf302d6ef2bf4
08fd02cbf8fe03fbf4fff4f5edf432fd
031103bffd0904fefcfdf7f7f5f72df8
0e09fac9ff0101fc0307f70205fb0af9
04fcfcc6f1f003fa0408ed0302f6defe
0e03f7c3fcf500ef00030bfd06f8c0f3
090802caf70002e7fe06ff00fdfdcdeb
150c07caf30815e6f2ff11ff0efeeaed
1d061cdcf10214fa0aff18020bdfe3f5
f00d0afeff0e020407042919f6e5f2ec
e215f6000308f907fbf736150401fee7
020e0e160c0d090efbed1707170cf6ea
06fcf40f01f5f91af503ef0002040ae8
f912f1fefa00f809f80cf800000309f5
051709fc01f8060edffaf5e906040df6
eb08e5faedf3e8fdf109eef500fb10f8
0afe04ecf3e5090d050cfbfe0f000efc
03ed08fcf2f1021d01fffd04fe10eef1
edf207f000ebfa220b090c0bf10debfc
07f704f605f2fc0f0a04080700fefc0e
fcf6fff3f606010a04f9040bfef901fa
ecfdf902ff05fd040e0f1905f4f001f1
e811f10301fff5050f101101f2ee00f2
e216f2050505fa01050d0b05e7f50900
e926f3000707fffb02020303e403050d
de11fd01000600e014fff60ed014fcfa
fdd908fdf00a0de201efe506d10afce9
0fcb08eade020deb01faf107d3f810ea
ffe502d9e1ff09f8fb04f706e1ef1cf9
ed07fddee8fff70106fdfd05e7f02604
f415ffdff30a020bff00fd00fa032f01
030ff9e5ff03ff09f701f2f9f2090a01
07fffecd01ed0102010eed02f6fde000
06efffc3eef20106fbfff6fbf3fecdf7
120907cdf00505f2010bff0607e5f1fc
130307c1f00208f3ff07110306ecf105
f6090dd7f0000c0807071507f7dfe7fa
f20123f2effe10150d08282000e2dffe
01fc21eee7f80c0b120e290ef9f6ebf1
0202270bff111fe80fee28200807e2e1
0bfbf507fcf8f808e9eef0f6f8fa0ae5
f703fc030302fc02fd0302ff0505fffb
f513fa01faf7f503f50afefa01ff0bfc
dffeebf6f9f4f318f3fefffdfe001407
07f50bf502f307000a16eb180a0724df
01e107f009030113fef90a07f90ff0f5
f2f406ea06e9071106060c0ae80becfb
fa0307f0fdf405f600ec0609f6ea0913
f50403f8ed07fcec07fd090bffe803fc
ef09ec06ff09e9eb030e0e02f8e707f1
fd0efe0bff0ef8e1080c0ffef0e912f3
f217fa00031201e809091fffe8fa16f8
f4220005091303e10d0a0507e50105f4
f80d0f01fe100fe10508fc09ed0c02f1
0de010fbe91211de05f70903ec0301f2
10d502f9e30e0405fbf704faf1f4030f
f8fbf3ebdc00fa0d06fa01fff1ed1906
ee12f7edd8e9f21708fdf905f6f52908
fb15fcf9ecfd040d00fdf805fb041f07
f614f601f7f3000af8fffcff010f160d
fefd07dff5f30f07fe0af30cfc0fe404
000307d6f5fd0a05fe04fc08010dd902
0e0b06d3eefb0ff5071506100df7ec08
fc1a00d2f3fc04eb000f0c06fae0e60d
ed1112e6f30608020ff22108eadce30e
012317e9e8ef04010e1418050ee50500
090108e0e7ebf411050114f404e8ffec
f80efdf0f90bfcfef0f80c04fdfce8dd
08fde9100bf4e10fdff0dedaf5fa0de4
0fff0f0d00010ef1f3f4f5f5f1f9060c
fc0efbfc01fcf904fd0dfc0004040a00
f30ee0f9fbf0e61be915f1f10dfe17ed
0bf903f70df4060cfc0de20c070729ec
fbec03e7210504fdf1f9040be50003ef
fbff05e307f807f302040a0fecf9eafc
fe0707f6f5effff4fdfdfd05f1e5fa0c
f809fef6f90506e001ff070df8f1050a
000e0301f4fefce00a0f1402fbe50300
04110806000209e3090c190a04f316f3
f20efc000508f9e7090f260af8f6120c
02110a09ff0906ec0a11190cfb0105f0
05f20f07f8070be60bfe0c0b0907fb06
0cda09fcea0a05f90cfb14fd130bfc0c
06e60605ef08030902f910fa0d02ff18
f0fcfdfee7f4fd0a17f9070efcf70f10
e608f3fbdcebf81b14f6fe09f4f61f05
f70a0301eef0041401fcf402f9042a0a
fb0002fef2f80c0cf906fb01fa101008
f1020cfcf7fd0f080412f800f70dda0f
f80704f6fcf80bfd0510fb0b0707d308
fd08fddffd0408f907190009fb00ebff
ed1708d4fc0909fc040b0307eaff0009
e61310e5060bfa130ef80d01e4e8011a
f72400f0f6fff21806020ef0f9ee0707
0efffeeefef6fc0cfbfd04fbfcf311ed
01f30ffc0805fb0ffb18eef7fe06f5f8
02f518fa1502f910030cf7f90504f815
ff060209040601f9f6ef06040605f4f8
f709fb01fd00ff0dfaf607fdfbff04fe
0012e8fcf7eeef09ec05eaee0f0809ea
0efafaef0eebf007f600e6f20d122001
fb00fcf02d0902f6f5fefa03ef0014ed
02150ae005f30edd02130511e1dfe803
040008e7f8f104e3ff0ff808fcdddc19
fb0dfff3000103e4fd0f0e1202edfa10
04080001fef307e6fe0f1805fee6030a
02110005f7f404f3060b240cffec100c
04140809f7f40202100d250dfef40000
09091109fb0111050e0e1809fffaf9f8
0aef0bfffe0007f906f51c09fff3fc03
0ee00afbfb040b0c08f51aff12fff613
0bf509fd01fd07030bfa0ffe1208fe10
ef0afc0aebeafd0210fb0b0401f60f06
e3fbfb03e3eefc0d1b05fd0af4ed1c07
f1fdfbfcebf10a080809040df1fa2b01
f6f60006f3f105130216fefef10a0d05
eb01f308f4f0000e0120f9fef10eef07
eb02f612000202fd0016f6fcf6fee91b
f408070105070bfa0311fafdeffbfe0c
ec0efef10f0c0003061202fde7050715
ea26fdf0080df41cf401f8fce600190c
fc200dfe0efe0508eaf4ebf1f5f50c20
fff319f601ea07060919dafbf7fd1616
0feb18022210ec15ed1beee8f90efc15
02f402fa0e08f60efe09f1fa0409080d
030c0604000300f2f9f7ff040c07fb00
03fd0e0df3ff0c05faf80efb01fb08fe
ff1803edfcf4fdfef40b0b01feff07f7
0214f4e50cecf4000725ef07f50b0af6
0005faed190a0ce3ff02e608f8000c0b
100c03fc05ef06ddfd05f3fff9d3d51a
01fff7f3fcf1faee080fed0804d9db0c
011600f903ee04f20018010d0ddbee0c
060706fdfae807f30f12180d09d1fd0d
05060704f2ef0cfd0c09221004e80207
f9110410faf806000c043208f9ea00fe
00000f0eff030cfc0cf92708fbe9fcf1
02e712070c0c09fe0bed2705fbef0004
0bec13fc0bfc051109fe1afcfdfbfb09
0c0209f1fdf1081214fe09030df9fdfb
f400fdf7e9e6fb110e071105060119f0
f7ee0b06eaf607080f080309fcf62c04
ecf1f8fff8f5fe1011140d0cf2f7250a
effaf814f1efff10080f0403f805f10a
e2fcf903f8f6010f111cf5fae808dd16
e8f1f7100b10ff0d0314faf3f2fef609
ebf0f5061614f113f81004f8f6021107
eaf4fbf30c06040a04160bfceeff1c02
f60c03fe14110108f3f700f901081b06
0af9230e130e0916e4ebe0f811fe001b
ffe7250702f4050c0c0dd4f6fd060617
0bdbf5e6240bfefcfc180df0f6111a02
03f50af90f07f016040efaf607141a20
0210fc00fffefa06fd05fdff01f907fe
0b010e09f5020911faf80ef504001009
05050e0ef6050600f3040cfc05080008
051d09ff080504030212ef00050cf5fd
0a0b00f80efa07f4f409d9fcf7f9fa08
0d07f5fb12f1fcebfa04d7fa01e2d217
0003f9ea0bed02020b1ddd0a09e2dc0a
0811faf206e0fcf90418e5010dd9fb0a
080f000009dcffea0e11f90c03d40c05
0a030afff5e302f310fb0f0703dd0500
09fd0f12fbe90bf914ea170c00e7f4fc
05ea13180af104f709e91ffdf7e1f4fd
f3e9090310090cf00aea280201f401fa
09f409f80efa0b0c03011efc0afb00ec
040207f0fef20215060bfbff06fa07ed
fefff6f7f5eafd030d140d0d02000fef
04ecfbf9f60202fb0c19070b01f818fa
f1e8f9f702fdfefd11130d10f909ff06
e9f5f8ff0cf905070a0605fdec0ce710
e9f9f8ff0d03fd0c0310f9faef09ec0c
dfebf208110efa08000ef201f3fffb09
f2eaf5f21615f512fc16feef060c0503
efe500f20d13fc12fe0302f1fc090c0a
00f210f3fe13040efb07f3f20d031d05
14f21b14fc140a07f3fdeae90a040e0e
04ea2b090cfbfb121917deebf405f831
0ccd0d09140be911fc23f2e7fc0e0714
0bf408f70e16fd1ee802ecee08181f20
000102fc00ff03030402ff020400fdfc
0d030e08f208070bf9f50aeffb041407
fdfb06f600000904060f0cfefa10f8fa
01fe0d06131600fdfb0cf5f70d1df203
171009f405fb1202fb18daf608ffe2ef
080cf6f602ee03fcfd12d3020bf8e203
fa07f9f117f0fff70c17c80905f8ea09
010a01f61cef08ef090ccd00fbe5f306
08fff8f91bf1f7fb0d0ccc090ae6ff09
05fe02f608de07f410f1e91206e2fb0e
0df6090a06de06fc0fe2f90af8deed10
fcec0703fbda04f900df0108f5e0e705
fcec0cf6f7e40f08fdf40bfffee2fd02
0aed09ef01e50319061b0ff608df0bfe
0bff04f1f6e701130218f9070ee012f6
feeff9f0f2f5f6000013080f05fbff07
06ef00effcff04f50e1b080e0000f808
faedfef90b03050409100f0c0106f108
eaffef031802f8010c0d00fbf007f008
f8f902020c060101fcfbf7faeefdf206
ea02f30d0904f6020008fa01f4fff0fb
ee0204fa07060101000b08f2fd040800
faf6fffa100600f9f608fef3fe00150a
090414f2f0f610faff0af8f2fef818f3
060e070af1f20801ef17f90a010706eb
0e08fbe407f4e31a011af5e8001f0e1b
05e1f9f8fef1effff713fcf4fe0c0700
08ef22f20c001d1be8f1e9fd14181122
0303ef10ff06eb01f2f2faf0050ef5f4
13ff0bf7f9010204fc0101e9fe051c04
fe01fef4f2fb0902f9fe0c00f00bfef6
04ff010b0e160802030cf7f50c11fc07
0502040f06f706fa011be5fd0b09ecf2
06f7020802f506fc0715e9030f05e905
f8f809040ffb0eee1415d80f0e01f60f
fd02f40021fcfbf70e0ec30503f60106
fbf7fef616fcfefc02fdbe0901f4000d
fdfb0bfb12ef05ea05e4cb0afeeefa17
f9ed0cfe03ec0b0905dae80504f9ec1f
eee507f601e21109f9dcfd07f4f8ef19
f3ef08f3f9d909120508f8fff4e70413
fffd07eef3d606110c1dfafbffde150c
0601ffedf1e3fd030a18ee0afcf0041c
11ed03f9f6fd05fc070df80503f7f515
0cf9f9f90412fffe0b0c04080106ec11
05f4f7010f04ef090b0905fdf8fcf007
f305f8031804f504fe0dfbf3f8fcf505
f40bfd060b080212feeffff6fa0bf6fb
f514fe10fefc050103fb09060307fceb
f00a00090903fbfafcfe00f6ff0607f2
fbf10afc00070804f5fcf8ef040911f3
04ff19f3f1ff08fbfe00f0f205000ef0
040817f1f3f80bf9f912ed04001102f0
160b15f30a0ade14f50ae4d503091413
03efe7f504eedb15010f0d011e0f12f9
0eefeaef1906e4130304edeb0b161b1b
0b00090202fe0afef4faf8fbeff50af6
0b09f1fb01faf20fe5f7f3f3010afff6
fb07ec0b0d10f8fdedfd06eef512f503
fb11fafc14150ff8f6f307f206021c09
0b1202090ffe04f70017fbf60b0dfdfe
0bf7090804050def0610f9fd0b0ee80c
00020c0a0f0613ddff08ea030e03f5f3
0205080615ff07f8fe01e4ff06010607
050007fa11fd13f700f0d2080004fb04
fffb060008f308fbf6dfddfcf9fcef04
e9ed0a0006f0030d03d8e3f8fc0ce41c
e6f0fe0215eff90bfbf1e7fbea0af223
f9fb060411eb010afc08f5f8f307081f
080507f3fef209f90019ea01f80d1518
0a0904edfbee01fb0912f2fef4060a24
07f503f4050501fe040cff04fc01fc1d
04ee0ef90909fe0d0505fefefdfeef00
09f809ff0c08fc0a090c04f70002ecff
fa040a031005040c00fd07fbfd02f106
fa09040107f7040809f71000040bfa04
fb1a0c0d05fd0bf7fef914fd0b0df8f9
fd030c0c080c07f902f711fb020207ed
0ff41a1203060e07f901f6f308fc05f7
17f4240cfbfa0dfd02f8f1f706fbfdf7
0b0b0a1bf7f207ececfaf00bf9fe00e7
26ec1a050cf9f701e2f0e6d8f4f90f08
16e8eef00c0ae71b0510eaeb0c0a0218
08fce9f3150ce816fafcf2ea0306120a
fefc02fc0304fc020305fe0203fdff02
0c0914fc04051302f3f6fa0c06fd090a
0203f204150ff2fd041001fa0b140302
09ff06031b1bfefcf30202e719121118
110a130c0f0b0ffdf70f13ef0e080202
04ec03090c1e09f9030b0ffc0a18e902
0ef71000060f0ef5fcfcfefd0e0df1e8
15fe15fdfefc0c080203fff4110cfb01
03ff10ff100313f9fdf0fffaff15eb0c
f8fe0f130ff604edfae6fdf7f202ee13
f5f20d0906f0fff3fbeaf1fcf30ef311
eef7030d10f702f8f603edfbe9120117
0b090a040efefff8fa13e700f416170f
0d040afa020207ed010cf303f818071a
0efc07fb070501fa0806f2f2f3030823
05f40bff0e0700ff0909f8fb05fef916
06f30bfa170c03020300fcfcfc02fe0b
0af60cfe12010706fefd02f90303f803
0e06120709000b02faf903f2fc05f305
0c11110d11f109f5f7f50efb0609f003
0b0d2217fcfd14fd04f817fa0c07f7fb
0ffd1922050011fa04030df90d03fdf9
11fa17170eff0f02fef504fe0305fcf5
1bed130bfffa0c0502f2f9f80207fdfe
16fdfc27f9effe08f6f5f8f9f8f5fd07
1cf5ff0c08fbebf8f5effe00fef41314
1def00f10b03f316fe0fe6ef050c0610
0300040403010000f801f9f5fdfb07f3
0e000d0ffcfc05fbf2f6edf2f0f70bfd
0dfa01f60403f913030803fd0c021903
2df9ffe7100bf1020b0a08fb1b1c0c13
2cf624fd060d06fbf209fdf40dfc0e0b
10100a12070202fcfa0525f90a0901eb
fbeaf906030303fbfe0417000110f8ed
12ee13fdf70518f1fff306f90e0eedf5
15f81b09fb0e190403ea15fb121bef03
06fd12030a110df505f20af9fb1bf60a
f8f50c0d050200f009f6f802fb10f906
fbfffe0f07fcf4f1f901f4fdfe150d06
02010b130408fde90208f206fe150b02
04fbff190c0cf4f30803eefe03140710
0b010f0c0c0efdf81306ecfd0413010d
09fa0c0a1613f6fc0c0ef5f505010a12
05f809141a160308060d07f802ff0107
07f905071d06f3110308fff50cf9050b
09fa07ff11fdff000908fdff0cffeb05
15090b0604ef02f900f2f4ef06fef50d
17110c0d07fd0c02fffbfbf61907ea00
140e1621040411fcfcf303f80f01ecff
0c10092202fa09f4f8fb0afe1206efff
1603151317ff0df80df608051100f0fd
18f8060b130afeff0f06f6001318eef4
16f2f112fdf8f2fbf50403fdfb09f4f2
10040bfe100af8e5ede90705100a0403
010616fa0f080d01e6edfef30c1f060d
02ff0305ff0500fcfbfe01fd010402ff
0e04090afdf905ffeff2efefedf51301
0e010b00f9ff06fff6f5f8f0f7f71503
1bff09ec0d13fc00050901f11a15121a
0c0d2c0c091b14ef03fd110403081710
0b0708100204040001002401110bfeeb
1afa0dfefcff06feecf70ff60609ffec
14fc10f4f8090d00f8ed0b04120ff8e9
16ff06fdfc0f030003e80f081516edea
0d05ff04071800f6fdf101ff001bfaf1
0df2060a041000f5fff3f1fa02140101
00fbf60efe17f6f30a00fa0105120b07
07fc0717091efef10f00f5030f0901ff
fdf6fc180919f8f70cfef8070603fe03
01060b0a1416fc010d01f50200fd0105
05fa060f121cff0502060404060102fe
0a0905131b13fa0bfffbfdfb05fbfcf7
0906030f1b01fb0302fdf8fa0dfcf8fe
0e080a000f0006f800f6fbf70b03f5ff
1e040b0206fa0afcf9f4fdf3ff05f301
16160e090bfe0cfc00f801000c03e9f1
0b06111701fd1003f8f0fbfa0afbe7ef
09120c0705f50cf905fdf70209f0ea01
0ffd0e020a0812f703fb0cfe1202e9fb
0ef90c1107160bec0afcfd021e1be6f6
06f3eafaf90afdea1006050fff1df1fa
05f6fffc08090ce9fdff0a09ff11feec
020d15fd15050eede3eb110dee0b13f9
04fffdfe07ff03fcfffb02fc03fcfe05
0401ff0300ff0203020101fdfdfd02fd
fd01fe01fdfdff0504fefe02ff020002
1700130101151602fdec0dee1b0afb16
f70f24140f2715e20ff220ff0822f31d
040b091d070704ef0bf71e05181ae9f7
09070416091b04f4f9ea12fb0318e50a
0701ed06091af810f1e70ffe0818e4f1
0cfef1faf81afcfef4e708fb161200ea
0ffd0b05022f0bf205f40c0b090701f4
120507110726fff1fafd0305100803f2
080c0509083003fbf4f20c0509100cfb
09fafd0b10300400fffb02fc0d110ded
0b05020d0b1ffef9fffff5080dfc09e1
0e08080d061608fa05f903ff0cff07e5
0806ff14131f0104fbfa0d0000faf6ea
10080a110f150308fff107f60903f2e7
18150f100d0b0bf7ff01ff041506fedf
23021201110a10fbf4fcfcfe0d0208e9
14fd14fc020b16fa0df600fd0a0505f6
09020a0602f60af80d05f6070ef5f0eb
02f80e0f01fc0b040c02fd0110ffdfe4
030b030b0c000fed1809010d0b00f505
20f20f1209fb11f5110b03012205e112
0ee507fb050c0eea180210091c1be80d
05e9e3010011f0f00df40811fb1ff615
fff200fa0b0507f2f2f70709001009f5
0a13060712f601ece5f20ef5ed071af3
00040401ff02fe04fdfefdfbfffe0004
02fd00ff010103ff01fffffe00fe0001
fefffcfc00fc03fe0204fdfcfcfe01fe
02fd09fcf3fafc04ed02fefb0efcf8f2
05070814ff140bf4f8f421eb0b19f7fe
f107fd0e0afd00f7f1f919f00b0f0a11
ea0ae71e04f9edfceee90fff0005ee00
fa0ded0b0b10f606f7ea13fa0410e8fb
f20be608071df60901eb1506081201f3
fffefa0b081d02f801f20b05070708f3
05f804160c2309effaf30c0a05fcfff5
f6fcfe16fb0f0df3fee7180700f509e6
00f90204fc08100406f20e040df708d5
0009100f021416f603f2040614f5f2d8
02120d11090a0df301f70e080cf7fed6
090b0b0e0d0a0afdfff609f704f7f3e3
050505100d0601fe01fc00f50bf6f2e8
0d070307050c00f7130a08fc08f4fedf
11fdff110114f5fdf20200ea060d1dfc
06f90d07001402000d01fe020f0e1819
fdf6f900f701ff0e0c12030b14ff0e05
f8e9fa0c0f08fc02090413060df0f6fa
00fcf80ffb08fffefa0710f705faf7f3
0cfcf90109fc06f0050f0c02fdf9fb10
fadaf6ea0b0f03f308ef170af1faf221
0bf1ff050d16dcfdf4fbf1ed0704f218
07fafcf90bffe80af80aeeee00f80efd
08fbfb0c04f8ee06eb02f1f4fef20ffd
fffd01fe0004fc010200fc04fcfdfdfe
fdfdfcfd0500fe03ff0104fe00fd04fe
04fffd020004fb04ff04020400fc03fc
f3f6080a12090bf904f211fef804fa0a
f70af3110404f4f9f702fd09020cfaf4
e80be702f5f2ee02f40913fef8f41b01
e903f80af611fb0202f026f2eef6180f
060e01faea0f040208ee06eb001707fe
fe05fd0ce4fff9fdfde600ec0a1e14e8
0a0aff0fd8ee0504ececfce70e1237f7
01f8081cdff204f6fcf107f41c0a1ff2
f8f50204e1fd0ef614ec1bfd1c1009ed
e800fa09e2ee01ec18f80e0215080ff1
fd140a22d5e8fe06ffe50bea1604f1eb
fe150a20deeb10f802e813f40708f4f2
0304fe03d6ed00fe0b09fffcfa0ffa04
f61a010ad7f2fff10b130302121debf4
fd1afe19c8fe010510080dff0924f3fc
ff060413dc12fe0c0e13ff040e1d1008
ea05fa09f70dfb0113090e070b18152b
f2ed01150f0b070d05ea1dfb0f1cec29
e9e5ffff060bf90010e722fe01000018
ec04f707ef04f4e80af32310f8f9ed0f
ed11fc190602fbdffef21912f002000e
f4f90514090804dcf3e52410f1fcf720
04ff0d12070decefe8d919f60309f008
f904fae8070df0080504fb00fdfc1402
020000ef0a02f306ff08f4fb09040f04
fc04ff02ff010200fefc040102030403
01fffc020104020404ff04fc000101ff
0303010004fffcfe030404fcfd03fd04
000301fd0401030103fe0403030401fe
00fbf90e04fffc02fffc0702fd01fc08
e7ee141905031bf7200d1b22e8e40628
d4fb1413fc1314fc20f72717e3e7192b
d4000a0dfa0213fb17f12410e7e72419
e3f1fff6f1e601050aed15fb00f22508
04e2fafce4edf81102f504f600fc1f0d
fde5f40af009f80708001103fbfc1bfe
fdeafe18f20aff1107ee12f1010a0c02
ecf60628ea0a090803e91af60c0f0b07
ea070221eaff01060cf12008f811190a
f0faf713e900f60706fe1df6021dfe0d
e7f1edffde01f00908fb16f918110222
e704f409e203f0faf3fc05ed111e0118
f7fcfe25e3f2f50cfef60ff41b1a0312
05ee0212dbfdfb2307f61bfb18071c11
06f1fcfde805fd2f02fc18022bfc131d
e506e506f1f8d730e9e7fcf11c06070e
e3f1e60bf40bdf2400dc11fb0afe0004
f607eb0bf2fbed0005fb090ffffffafd
f41de910fdf3e808ff03fe06fcff06f9
01fcf812fc03f91a0bfc0cff0801de19
f6efecfdfb03f1fb0dff030600fc0215
0712eefcfefcf408f607f8fd090101f1
02fcfd040301010000ff0204fe0200fe
fd0003fd04fffc01fc03fc0303fd01ff
ff01ff04fcfd01ff00fdff00fd04fcfc
fdfefc020104fbfd00fe03fd02010303
0500fffd0204030300fd03fefc04fc03
00fd04fc0402fffc04fcfdfefb04fe00
041bf1fd00f6f70cf80ef0f7040a0be8
0627e2fdf6eae810e61be7f7080815d8
090ffc00fbefea0200f700fb1302fdfb
f804fdfafd00f50605f40afb01fd0104
ee06fffa00f7f40001fa0af60705fc08
f3fff100ffebf70bfc06f9011a040307
f6f7e7fff9e3eb0ff306f3fd1bfc0805
eee5fd01f8edfa0a04f80b0910fa021b
e7f2fc03f9edf90e02f80aff0c04fd18
f314e5faf6f0e615e80decef0b09070f
eefadf02f9fce11df2f6fbef1806f025
f5ee0105fa00020e07f4090b27fbf4f6
f8f2f403fd08f50c01fc0400200105ec
f7f8e0f9fef6e21bec18f1ef170414f3
efe2e7f1fcf9f01fff0c0100fc020510
f2eae6f8f8fbed0b04f9070af6f9fb19
f802eefd0cfcf2f306fdfc0afefc0402
030de8fdfbfcedfbf514edf5f9fb03f5
f91eebfefdfeedf9fe0fee00f1f703fa
0219f303fcfcef03ee0dfdee03fffef1
0403fc00fd04000004fcfc03fd010300
0204010401fe040303030202fefffcfe
fefdfffdfd02fc02ff010100feff0400
fc0503fdfcfcfdfefefd020301fc0204
0000000000000000000000fffe0201fd
000000000000000000000202fd04fdfd
0000000000000000000001fefcfe00fc
0000000000000000000004030201ff01
00000000000000000000fffc00fdffff
00000000000000000000010002010202
0000000000000000000004000201fffb
00000000000000000000ff0001fd0301
00000000000000000000fe01fd02fe02
00000000000000000000040302fe03fc
0000000000000000000004fd00000200
000000000000000000000002fdffff04
00000000000000000000fd01fe01080b
00000000000000000000010303fd0509
000000000000000000000e020103fdf2
000000000000000000000001010101fb
00000000000000000000ff0203010301
0000000000000000000003fe01fe0304
00000000000000000000fcfbfe0403ff
00000000000000000000ff01ff0303fe
00000000000000000000010302fd0404
000000000000000000000200fefd01ff
0000000000000000000004010304fffc
00000000000000000000ff02fcff0304
00000000000000000000030003ff0403
00000000000000000000040204fc0403
000000000000000000000401fcff00ff
00000000000000000000020103fe0003
0000000000000000000001030001fe04
00000000000000000000fd02fefe04fc
00000000000000000000fc04fc000102
00000000000000000000030401fdfe04
000000000000000000000100fcf90505
000000000000000000000004ff0005fe
00000000000000000000fc0bfffc0afe
000000000000000000000407fefa0cff
00000000000000000000fe0cfbf90a08
000000000000000000000305fdf70d05
00000000000000000000fe0afc00fe0c
000000000000000000000913fcfe0b10
00000000000000000000060e00f7090b
000000000000000000000208fef10b0d
00000000000000000000fcfbf70009fd
000000000000000000001018f6fb1ff0
000000000000000000000c0cf6fa21fe
000000000000000000000913f6fb120a
00000000000000000000f811fefe1114
000000000000000000000411f8f81010
000000000000000000000b16f6f9141c
000000000000000000000209faf70f0f
00000000000000000000080400fd0d06
000000000000000000000b05fef60800
000000000000000000000404ff020002
00000000000000000000fd01fc04ff02
000000000000000000000204fcfefeff
00000000000000000000ff00fe0102fc
0000000000000000000003fcfefd0305
00000000000000000000fd0000fe0200
00000000000000000000fc0203fb04ff
000000000000000000000814fcf810f0
00000000000000000000061402f315fe
00000000000000000000ff07fdfc03ff
000000000000000000000408fcfd01ff
00000000000000000000050dfaf3040a
00000000000000000000060ffcebf203
000000000000000000000a02faeaecf9
000000000000000000000c10e7e7defe
000000000000000000000c1ae8e8ea04
000000000000000000000504e6fee1ff
000000000000000000000400d30314e8
000000000000000000000703d9fe06fc
000000000000000000001413dd021bfd
000000000000000000001812dc0f20fd
00000000000000000000170aee051503
000000000000000000001506e9000201
000000000000000000001014f9f901f0
00000000000000000000020afbf900fd
00000000000000000000fd0af6f7f70d
00000000000000000000fd16f3f50211
000000000000000000000917f5f4fa03
000000000000000000000406fbf4f1f9
0000000000000000000003fb0000f5fe
00000000000000000000030204ff0102
00000000000000000000010303fcfeff
00000000000000000000fb03000000fe
00000000000000000000fdfc03030001
000000000000000000000e020b1211ee
00000000000000000000060f010512e3
000000000000000000001efb00ff0b04
00000000000000000000f809f8f1f204
00000000000000000000fd15f5f40103
00000000000000000000ff0ef8ecfc05
000000000000000000000316e4effaf3
000000000000000000001809e2fcf5ed
000000000000000000000a0cda0ee7f1
000000000000000000000219e70bdffb
000000000000000000001912f516feef
00000000000000000000120ff10d1dfc
00000000000000000000f2fc00fb100f
00000000000000000000fff708fe1206
0000000000000000000007faf7fb1ffc
00000000000000000000110003f624f7
000000000000000000001b070ef70ef7
00000000000000000000fe05f007fcf2
00000000000000000000f003f20e0200
00000000000000000000fffee90dee10
000000000000000000000b05d80eda0a
000000000000000000000c0eeb04df1b
000000000000000000000007f1f2f60e
0000000000000000000006f3f5fe08fa
00000000000000000000fef6fc010002
00000000000000000000020103020300
0000000000000000000003fd0104fffe
000000000000000000000302fefd03fd
000000000000000000000c05141214ea
00000000000000000000000e180912e9
00000000000000000000fb18140018fe
00000000000000000000ff1501f60afe
000000000000000000000d06f4f307ee
000000000000000000000ff7f404ebf8
000000000000000000000e08e1ff01e6
000000000000000000001a03e10afdef
00000000000000000000190be90cecef
0000000000000000000015fef81304f0
0000000000000000000009f6f01905f9
0000000000000000000007f5fa091efd
0000000000000000000006f0fd040d0d
0000000000000000000007ed0604100a
000000000000000000000ff20d000403
000000000000000000000df907fc0208
000000000000000000000ef30003fdfd
0000000000000000000008f9fc0fe8fa
000000000000000000000100e71def04
00000000000000000000f1fbee1df20b
00000000000000000000f306ec23ec0e
0000000000000000000007f5f614dd1e
00000000000000000000ffecf206d31e
0000000000000000000001e9f306e40a
000000000000000000000605fa09fd0b
00000000000000000000ee16f5f70118
0000000000000000000004fdff01fffe
000000000000000000000401fc03fe01
0000000000000000000016160e050fe2
000000000000000000001801fff4ebf8
000000000000000000000d0f08de08f5
00000000000000000000ef0a040016f2
00000000000000000000fafc06040ef1
00000000000000000000fcfdfb03ebf5
00000000000000000000ea02f206f2f5
00000000000000000000f401f400f1fe
000000000000000000000804f7f8fc04
000000000000000000000aeef4f9f90b
0000000000000000000002f0fb01ff08
00000000000000000000fcf602fe0a0c
00000000000000000000fa000c050614
00000000000000000000fefd04010803
0000000000000000000000fe000afc02
00000000000000000000fff00906f20d
00000000000000000000fef603fefefe
000000000000000000000601f6fffefe
000000000000000000001d0ae903f802
000000000000000000001907ec09effd
000000000000000000000f04e60de1f7
00000000000000000000fb01e5fdf0fc
00000000000000000000f9f8e406e312
00000000000000000000fef8f609de1d
000000000000000000000913e501f00c
00000000000000000000f11505f2fa0e
00000000000000000000fefc020304ff
000000000000000000000111fc05fcf3
00000000000000000000f208080eff0e
00000000000000000000f51202f3faed
00000000000000000000ec1809f7f8f8
00000000000000000000df040a12f8ef
00000000000000000000f301010805e2
00000000000000000000f60cf805f7ed
00000000000000000000f3fff9fbf6ff
00000000000000000000f50cfdfaee00
0000000000000000000006030bf100f9
0000000000000000000008ff07f606ff
00000000000000000000fffd07f70802
00000000000000000000fc010df60d08
00000000000000000000ff010efa0c08
00000000000000000000fe0002f40910
00000000000000000000f9f90cef030d
00000000000000000000fff108f1f909
0000000000000000000001fcfb05fa00
00000000000000000000ff06f902edfc
000000000000000000000007f8fbfe01
00000000000000000000f20cfdfa02fe
00000000000000000000000af9feea07
00000000000000000000fa05f00aeb0b
00000000000000000000fd06f100f610
0000000000000000000013fbe302fb09
0000000000000000000009f2f40de4fe
00000000000000000000fd0feefbeb05
00000000000000000000fa0101ff0002
00000000000000000000f81b0f0af3ea
00000000000000000000e7080607f10b
00000000000000000000f409fdfef6ea
00000000000000000000ea19f905f3ed
00000000000000000000f007ef09f5f7
00000000000000000000ed06f6fd08ee
00000000000000000000f413fe0bf6e5
00000000000000000000fdf8fafbf4fa
00000000000000000000fafe0ffe05fd
0000000000000000000001090cfe0b00
00000000000000000000fe090cea1304
00000000000000000000020e06ea14fd
00000000000000000000000c04e91002
000000000000000000000a0906eb18fc
0000000000000000000008fe08e90808
0000000000000000000002f203e9ff09
00000000000000000000f8f50bfcef0a
0000000000000000000007ff0011f500
00000000000000000000ff050105f3f9
00000000000000000000fe0401fdfb01
000000000000000000000607eef8f803
000000000000000000000e03f3fdf200
00000000000000000000fa0604f9ef0e
00000000000000000000f00afcf10718
000000000000000000000306eef80411
00000000000000000000fdfdfa0ddf07
000000000000000000000507f6f6f608
0000000000000000000004ff02130706
000000000000000000000211ed0bf7f4
00000000000000000000ea0c0c14f70d
0000000000000000000000090d11fdfd
00000000000000000000f61bf302f0f3
00000000000000000000eb10e407feed
00000000000000000000fbf8ee04fe02
00000000000000000000f90e050ff8f6
00000000000000000000f2f90f020d00
00000000000000000000f2fe100b030a
00000000000000000000fe0108ff1404
00000000000000000000fe02fefa1107
000000000000000000000110fff31001
00000000000000000000010601ea1002
0000000000000000000005070ceb1bfc
0000000000000000000004f912ea11ff
000000000000000000000ef612f5ef01
0000000000000000000012000bfaf3f7
0000000000000000000002ff0c0cfefc
0000000000000000000006fffefbfefd
00000000000000000000fe03f80708fb
0000000000000000000002fd01fc080c
000000000000000000000a12fdf9f6ef
000000000000000000000c05e7f9eef2
00000000000000000000f9e6edf60611
00000000000000000000f9e80c12fc2a
0000000000000000000002090017e509
000000000000000000001305f40cff00
00000000000000000000f904fc0af3fe
00000000000000000000eb09050c00f9
00000000000000000000f6071d0efd00
000000000000000000000718171109f5
00000000000000000000e623f11f1bef
00000000000000000000fb07e5fe07f6
0000000000000000000001fbfbfe0cff
0000000000000000000003030d0012fb
0000000000000000000002fd110c0dfe
00000000000000000000fef5140d0f09
0000000000000000000002f5fd0b2002
00000000000000000000fbf9f80a1609
00000000000000000000f8fbf3ff14ff
00000000000000000000fff3faf51cfa
00000000000000000000fefd0ef91cee
0000000000000000000005f20df10af7
000000000000000000000af70cffe0fb
0000000000000000000008031afdf5f7
0000000000000000000000fb060d03fb
00000000000000000000fefb01040500
00000000000000000000f50106070402
00000000000000000000fa03020007fc
00000000000000000000051407f4f9e4
000000000000000000000e09f007f6ee
00000000000000000000fee605010311
0000000000000000000005e711280015
000000000000000000000bfb0022dbf5
00000000000000000000f4180cf0ffef
00000000000000000000fd01f904f6f9
00000000000000000000f103020904fc
00000000000000000000eefe0b1e0bfa
00000000000000000000fe0f1b000bf6
00000000000000000000f71703180eef
0000000000000000000002f3f5fa0600
0000000000000000000004f3f2f809fb
0000000000000000000001f6fffd1207
0000000000000000000002f7ff0c110e
00000000000000000000f8f0050c1313
0000000000000000000008f4f6151506
0000000000000000000000f4ed1b1a03
0000000000000000000006e0e8151208
00000000000000000000fcfb040721fb
000000000000000000000a0411fd0cf4
00000000000000000000010103fceff7
00000000000000000000030607f9ecf7
0000000000000000000006130b05fffe
00000000000000000000000400150503
0000000000000000000000fafb0600f6
0000000000000000000000fc13fdfcfd
00000000000000000000020605f207fa
00000000000000000000fe121cff11f5
0000000000000000000017040f000afd
0000000000000000000008edfd07f619
0000000000000000000001da070cfef6
0000000000000000000011fdfa18fcf2
00000000000000000000f61b0f02f7e8
00000000000000000000f408fc07fef6
00000000000000000000f40cfc1603f5
00000000000000000000e1e9fe0a28f8
0000000000000000000003081815f5ee
00000000000000000000050f050ffce0
000000000000000000000bf3fbfbfff6
0000000000000000000009e5feff010a
0000000000000000000002f6faff060a
00000000000000000000f6f50bff070d
00000000000000000000f3f5ff110a08
00000000000000000000f3edf7080f09
00000000000000000000f6e5e7050704
00000000000000000000f2e7f405fe12
0000000000000000000003120e020afc
0000000000000000000007271cfafdfd
000000000000000000000309fff8eef8
0000000000000000000004f2fcf4f500
00000000000000000000fefd09020703
0000000000000000000004fd020b04ff
0000000000000000000007f8fa05fefb
00000000000000000000050008ec05f4
000000000000000000000e0410f307ff
0000000000000000000004021df815fc
0000000000000000000015f611021503
0000000000000000000029fbf208fc17
000000000000000000002deef9ffe7fa
0000000000000000000020fa1507f30c
00000000000000000000f61dfc0501e7
00000000000000000000fa05fb000301
00000000000000000000f901ff0904fa
00000000000000000000f0fb06081ffc
0000000000000000000015ff0e1fe9eb
0000000000000000000013fc0ff409ef
000000000000000000000af4fd0104f9
0000000000000000000005f0f5fe0e04
0000000000000000000001f3f6090207
00000000000000000000f4ed04fa0b01
0000000000000000000003eff0fe1002
00000000000000000000f8f0f9f80303
00000000000000000000f3f8f7f8fb0a
00000000000000000000f60a0107fb00
0000000000000000000003251b0df4ff
000000000000000000000a281106f5f3
00000000000000000000fa020afcf101
00000000000000000000f2f901faf403
0000000000000000000001fc06fffc05
0000000000000000000002fe020c01f8
000000000000000000000ff7f809f5ff
0000000000000000000005f609fe0400
000000000000000000000e0108fa0001
00000000000000000000090411001104
0000000000000000000004f708f01f15
00000000000000000000070cdb0b0b0d
000000000000000000000809e4ffe6eb
00000000000000000000f60af1f7e8e0
00000000000000000000ec25eff509e0
000000000000000000001305f20b0fec
00000000000000000000f3fb010606f8
00000000000000000000dc0dfa110ef0
00000000000000000000140e070ff5e7
0000000000000000000007f2100216f6
000000000000000000000af6f90701f9
0000000000000000000007fcf20708fc
00000000000000000000fee801040f08
0000000000000000000002f303030904
0000000000000000000002f9faff0104
00000000000000000000f5fd05edf608
00000000000000000000f7030af4ec05
00000000000000000000ff050902f209
000000000000000000000a121705e203
0000000000000000000004100c03ee00
00000000000000000000f9ff08fcf20f
00000000000000000000fb0401f4fa09
00000000000000000000f7000b09feff
00000000000000000000f608fd13ecfb
000000000000000000000900f004ef00
0000000000000000000002fbff09fb01
00000000000000000000fd0600fc01f8
000000000000000000000002ecff040a
00000000000000000000f806dfe91216
00000000000000000000f209cdf219ff
00000000000000000000f60ed8fdf8ef
000000000000000000000b04dce6dae3
0000000000000000000008fefbfcedfa
000000000000000000000913fa07fbfc
00000000000000000000f5fc080807fe
00000000000000000000e400f9170ff2
000000000000000000000813f7f900e7
00000000000000000000fcf0f01111f1
00000000000000000000fb0df01901fe
000000000000000000000c01ef0702fa
0000000000000000000003f4f8040406
0000000000000000000002fbfe010203
0000000000000000000000fd08f9fd00
00000000000000000000f90601f5f6fe
0000000000000000000000130dfae802
00000000000000000000001c1efdee07
0000000000000000000008181809f009
0000000000000000000002090f16f501
00000000000000000000fffd1405f70a
00000000000000000000ff0406f1f304
00000000000000000000f8020806f008
00000000000000000000fbfefb02f402
00000000000000000000ef07f304f200
00000000000000000000fa07effa0802
00000000000000000000ff0ff2040afe
00000000000000000000f904eb020f07
00000000000000000000f110d4011805
00000000000000000000ef04ceff1cff
00000000000000000000fdfbe2e4f3fe
0000000000000000000015fae3e8d8e8
000000000000000000000d03fcf4fbf5
000000000000000000000916fc07f6fd
00000000000000000000fe060a0107f1
0000000000000000000002fcfa15f3fa
00000000000000000000ff06f502f8f4
00000000000000000000f3fdef0a0cf5
000000000000000000000210ed0a15fe
000000000000000000000405e6040cfd
00000000000000000000faf8db0d0403
0000000000000000000009f5ecf4fbfe
000000000000000000000c02fcf1f5f5
0000000000000000000008070ff6effc
00000000000000000000fd1e16fef002
00000000000000000000021b2107f608
00000000000000000000090f1512fdfa
0000000000000000000003030919fcfa
00000000000000000000fafb1003f603
0000000000000000000001fd0af2f606
00000000000000000000eff90df5f70e
00000000000000000000f81003fef703
00000000000000000000f50af3f8f500
00000000000000000000f203f4fb03fd
00000000000000000000e907f6060c02
00000000000000000000de13fb160304
00000000000000000000e609ee220705
00000000000000000000fc0eeb0111f7
00000000000000000000fb02efe9f505
0000000000000000000000eeffeff8f3
000000000000000000000aeff7fefbf8
00000000000000000000f6030e0305fa
00000000000000000000fd0c0c0308f6
00000000000000000000fe02090707f9
000000000000000000000405f305ecf5
00000000000000000000f815040304f1
00000000000000000000fb0cf6021b01
000000000000000000000106def70202
00000000000000000000fb0ad4ff04fd
00000000000000000000fd08dfee0106
000000000000000000000810eeeaf1f8
000000000000000000000a1403ebf003
0000000000000000000009250ef5f909
000000000000000000000313170bf506
00000000000000000000080b111afcf5
000000000000000000000605021001fe
00000000000000000000f8f71203f308
0000000000000000000001f413fef306
00000000000000000000f5fc17f9f011
00000000000000000000fa0a07fafbff
00000000000000000000f511f701fafb
00000000000000000000edf4ef000a06
00000000000000000000f602e808faee
00000000000000000000f113ea0600f4
00000000000000000000fc11ee05f3f9
00000000000000000000011df7fb0bf7
000000000000000000000507e7ecf204
000000000000000000000df2ecf4ebeb
000000000000000000000cf7eafff4ef
000000000000000000000301fe05fe04
00000000000000000000f7060e040be6
00000000000000000000f0000409fafa
000000000000000000000303f3fc01f7
00000000000000000000fd19fe0feef3
00000000000000000000fd0ae6020aff
00000000000000000000ff01d902fc03
00000000000000000000f60ae5eeff08
000000000000000000000102d9e8fc0e
00000000000000000000fc0fece3f50b
000000000000000000000715e9e5f50a
00000000000000000000fd1ef8fcf007
00000000000000000000041103feeefb
0000000000000000000004020017f5f7
0000000000000000000008f7071a10fd
00000000000000000000fbf005040504
00000000000000000000f7f114fffa0f
00000000000000000000fafd1affff0e
00000000000000000000f30501030404
00000000000000000000f60bea0800fa
00000000000000000000f6fde20c0700
00000000000000000000f20de908edef
00000000000000000000f511ef0207f8
00000000000000000000f51bf306f9f8
00000000000000000000f909fc03eef5
000000000000000000000901f5f2eefb
0000000000000000000003f702f3e2f3
000000000000000000001606edfc00f0
0000000000000000000006fff1fb03f6
00000000000000000000fd04ff0104f9
00000000000000000000ec0d1404f7fd
00000000000000000000f708fefdf6f4
0000000000000000000002050011e0f6
000000000000000000000005f0fcf7f3
00000000000000000000fdf7e1f6f80e
00000000000000000000fd04d8ecfa13
00000000000000000000fc08e8e5fb0c
000000000000000000000017e7ecf80f
000000000000000000000312ecf4f60e
00000000000000000000f906fffbeb08
000000000000000000000008f50fdd03
000000000000000000000201fe1ceef8
00000000000000000000fdf3f90d1506
0000000000000000000000fd01ff0e05
00000000000000000000fffa0e03010b
00000000000000000000fafb0bfe1009
00000000000000000000fb0803fc1304
00000000000000000000fbfff4070c00
00000000000000000000faf9e90403f7
00000000000000000000f100e4fe03f0
00000000000000000000f507e2e50cf6
00000000000000000000fb16e8e8faf1
0000000000000000000001fdf0f6eef7
000000000000000000001318f1f80bee
00000000000000000000f70c18fbdaeb
0000000000000000000014fadffaf3e9
000000000000000000000c070c04fff6
00000000000000000000f207ff0713f1
00000000000000000000fc00050003f4
00000000000000000000eefd08fdf2f5
00000000000000000000fd0706f8f6fe
000000000000000000000205fff6f5fb
00000000000000000000f9fcf7f101f6
00000000000000000000fffeebef02fd
00000000000000000000f608ebf5fd0c
00000000000000000000f912e9f00a06
000000000000000000000208def4f609
00000000000000000000f307e301e908
00000000000000000000f8feea0deb03
000000000000000000000a06ec1504fb
00000000000000000000ff00f8091207
000000000000000000000304fc021603
000000000000000000000bfc05061101
000000000000000000000e0512070804
0000000000000000000009010ffa0c0b
000000000000000000000802fffa1100
00000000000000000000fb00ea0108fc
00000000000000000000fbfae4ecfcf7
000000000000000000000b04dedc01f7
000000000000000000001401dee2faec
00000000000000000000fefde70611fe
000000000000000000001f0efdfc14e5
0000000000000000000013ef03f7c4e4
0000000000000000000004fae901faee
0000000000000000000002fc0203fffd
00000000000000000000ee0c1806070b
0000000000000000000009f704fbe8f4
00000000000000000000fe04f8efeaea
00000000000000000000080515eaf9f2
000000000000000000000af514e9fcf8
0000000000000000000010f505ec08ed
00000000000000000000060607fafff8
000000000000000000000c0bf8f903fc
00000000000000000000070ceef80aff
000000000000000000000709edfcec04
00000000000000000000fd03e005effc
000000000000000000000207e40cfbf9
000000000000000000000c0ee9041100
00000000000000000000020cf9011f01
00000000000000000000110afffd13ff
0000000000000000000012fd120313fb
0000000000000000000016fd17011401
0000000000000000000018010a0313f6
000000000000000000001005010113f9
000000000000000000001704e3fdfef1
000000000000000000000ffddeeef7ed
0000000000000000000015efe2e802ec
000000000000000000001be3e3e302ee
000000000000000000000ce8f0f715f3
0000000000000000000017f7e8ee0ef6
0000000000000000000019f809fcdbee
00000000000000000000050b040b04f3
000000000000000000000f03f60503f0
00000000000000000000040600fa00f3
0000000000000000000016fbfff6f0e8
000000000000000000001b07f7faf9f5
000000000000000000000ef412f301fb
00000000000000000000ffee20e90c01
0000000000000000000013fb15fb11fa
00000000000000000000170415fe08fd
0000000000000000000007030c0209fe
000000000000000000000bfdf4fcfc0a
000000000000000000000a02f9f8fbfd
0000000000000000000008faf006f201
000000000000000000000906e8fd0802
00000000000000000000150cf0061106
000000000000000000001506f5030f04
000000000000000000000b0408020e03
000000000000000000000c0618050ffb
00000000000000000000110312050401
000000000000000000001600f90519f1
000000000000000000001302ee0708f0
000000000000000000001bf4e10b0ff2
000000000000000000000de8df0709ee
0000000000000000000006e1e6f6f9f9
000000000000000000001bdbeef3f6fb
000000000000000000000ed9fff20cf5
0000000000000000000012f3edf800f5
000000000000000000000706ee0005f8
00000000000000000000fffc01fc0300
000000000000000000001206f507feef
00000000000000000000020d00fd05f4
000000000000000000000bfff8f5e7f0
0000000000000000000025f7fdf6f709
0000000000000000000017fc0ffeff06
0000000000000000000015051afe11ee
000000000000000000000bfe16f109f3
0000000000000000000010fb0ef506fa
000000000000000000000d0008fa0ef9
000000000000000000001500fcff0200
0000000000000000000005fffafcf508
000000000000000000000900fc01f40e
000000000000000000000403f4fc0a10
000000000000000000000602f1060f0b
000000000000000000000c02030a0a0d
0000000000000000000005100d0c1002
00000000000000000000020a080e09fe
000000000000000000000bff000d08f8
0000000000000000000018fbf30411f6
0000000000000000000007fefa1106f3
0000000000000000000014e8df011aec
0000000000000000000008e2e1fe0bee
00000000000000000000feeae7f4fff5
0000000000000000000019dbebf1fffc
0000000000000000000006d001f50000
00000000000000000000fef5fbf91508
00000000000000000000f106f2110d08
00000000000000000000fe05fd0405fd
0000000000000000000003fefdff0104
0000000000000000000003fc03fdfefc
00000000000000000000081411f9f1e9
0000000000000000000018ff03f7f612
000000000000000000000b0302ffe509
000000000000000000000c040efbeef4
00000000000000000000f10204eb02f1
00000000000000000000eef705e6fafb
000000000000000000000ff6ffedf90c
000000000000000000000804fdf9fcfe
00000000000000000000ff0a0300f803
00000000000000000000f90605fefc03
000000000000000000000605f80b0409
00000000000000000000070eff150003
00000000000000000000020305100b09
0000000000000000000010fefa0d0efb
0000000000000000000012f8f61706fd
0000000000000000000012f6f11410f4
0000000000000000000010f3f404fdfd
000000000000000000000eeff0fdf902
0000000000000000000014e3e7fd08f7
0000000000000000000004e3de01fe05
000000000000000000001cf7e7f4f5ff
0000000000000000000014eaece8f102
0000000000000000000006d901f1050a
0000000000000000000000f3fef70706
00000000000000000000020ef4110ff6
00000000000000000000fefd040303fe
00000000000000000000020402fc0202
00000000000000000000fd0403010302
00000000000000000000030e14000ee5
00000000000000000000ef211ffafcf7
00000000000000000000f20522f7ffef
00000000000000000000e40723fdf5ed
00000000000000000000eb0203eaf1f2
00000000000000000000e5ef0ae2f6fd
00000000000000000000feecfee8f60f
0000000000000000000003f501f2fe07
00000000000000000000fdfa05f70901
00000000000000000000fe01040204ff
000000000000000000000cfefd06fd06
0000000000000000000005fe090bf506
000000000000000000000201000bf9fd
0000000000000000000004f0fd000b01
000000000000000000000602fe00040e
0000000000000000000008fbf2021af5
0000000000000000000014dbf0050201
000000000000000000000cdbef08f8f5
000000000000000000000beff7080a06
000000000000000000000bf1edfc06f3
000000000000000000000aedfbfcfaf9
000000000000000000000cec07e10515
0000000000000000000019e9f9e800f3
0000000000000000000009f7f7f70bec
000000000000000000000606f9f20df6
00000000000000000000ff01fd02fefc
00000000000000000000040402fdfdfc
00000000000000000000fc01fefe01ff
000000000000000000000a0210f00f08
00000000000000000000f3120308fa07
00000000000000000000e3071dfeedf8
00000000000000000000ef0234f2e804
00000000000000000000020af7f9dcfc
00000000000000000000fcf902eed8fa
00000000000000000000fe010cf3ebee
00000000000000000000fbfc09ebf6f2
00000000000000000000f70e10f4e709
00000000000000000000f30708f7e706
0000000000000000000007060001f6ef
000000000000000000000bf70c0df8fa
0000000000000000000005e9fdfb0bf0
000000000000000000000be1f3fbfefe
000000000000000000000cf6fff8f604
0000000000000000000011f5f411ef0a
0000000000000000000005e1ff0df30e
0000000000000000000014f40b070a07
0000000000000000000012f7fef40f06
000000000000000000000bdfeff80b0a
00000000000000000000fce4f405fa02
0000000000000000000008f20aedfa0a
0000000000000000000018e900fefef5
000000000000000000000af0fbfc0702
0000000000000000000007f5f802f7fd
00000000000000000000fdfe0402fd04
0000000000000000000004fffc03fdff
0000000000000000000003fbfdfd0200
00000000000000000000fffc03030003
000000000000000000000afb07fe0501
000000000000000000001bea1af1ff22
0000000000000000000014e22ff1fc22
0000000000000000000008e22af9f91e
0000000000000000000002e820ecf10f
0000000000000000000000fa0eedf701
00000000000000000000fb0010e20efb
000000000000000000000b0b17e50afb
0000000000000000000015fe16f7f702
0000000000000000000012e50e00f20b
0000000000000000000004fd15f505fb
000000000000000000000bdf24de2efc
000000000000000000000ce108db25fa
000000000000000000000ef619e121fc
0000000000000000000013f320e8130b
0000000000000000000014dd15f10708
0000000000000000000009e90afa12ef
0000000000000000000015ed12ed27f6
0000000000000000000008f703de24fe
00000000000000000000ffeefee926ef
0000000000000000000003f1fd020c09
0000000000000000000006f404f80d13
00000000000000000000ef04f80bfefc
000000000000000000000200fcfc0302
00000000000000000000ff03fe00fffc
00000000000000000000020003fefe00
0000000000000000000001ff040203ff
0000000000000000000003fd03040103
000000000000000000000402fdfdfc04
00000000000000000000ef0cf608fef3
00000000000000000000eb0de810f3ee
00000000000000000000def306010003
00000000000000000000d7f00cfffe07
00000000000000000000e9f108fffe06
00000000000000000000faf7010006fa
00000000000000000000f502fef906f2
000000000000000000000cf409ee0e09
000000000000000000000df40cfa1503
00000000000000000000eff3f21405ed
0000000000000000000006f30dff17fa
000000000000000000000ef817ee1109
0000000000000000000001ff06ef1906
00000000000000000000ecf8f80611ef
00000000000000000000fdf906f319fd
0000000000000000000005fd0ef01304
00000000000000000000fbfc06fa0e01
00000000000000000000f7fffe0216f0
00000000000000000000fcfb01f41ef3
00000000000000000000f0fc001007f5
00000000000000000000fc0101fdfffd
00000000000000000000020301ff04fe
00000000000000000000fcff000303ff
00000000000000000000ff0503000103
000000000000150ed0eb23360abd04c5
00000000000014f31dd0e7921819fe12
000000000000fa0112fb0c081bd20aab
000000000000f7f9aa0f0811f70ced0c
0000000000000811f82c25fdaabdfbfd
000000000000fa0ddf04f9c80e0cdd16
000000000000cb12d3180d0fe20eb01c
0000000000000b0207e1070a02fed400
000000000000fe1bc00c0ddd08eb0507
0000000000000f1bf70e1e0cd407b5e5
000000000000bbff0d03ee21fb0413d4
00000000000012ebf7c60d1f01da21b5
000000000000b3d0e51605061328e10b
0000000000001ff00d002ad1e9c01906
00000000000033f8e1fecdfebf2b0fdf
000000000000f707c81611d905fbe00c
000000000000180a0bc4d41be4f219d0
0000000000000b08ea1409ce0a010b11
00000000000011cc1bdc12fee6f63705
0000000000008bf72cecf308f51c21dd
000000000000bbcaf91615fbee3119fa
000000000000b9f8f0f30b3611fb2ac8
00000000000016c1d306f01cdb2bedf3
000000000000913305080507f329fed6
000000000000fec71ddae9fc2e2fddd7
0000000000000c0b03fd050e06efe8ed
0000000000000c9dfa2b0216caf71a15
00000000000011f0011607f011deb515
000000000000070dd710ed0af80a14e0
0000000000000f1103060cf10cf4f2e2
00000000000001f11ead0f0bec0be2f5
000000000000ffc711fa0dce28f6e213
0000000000000eff0a06e90a00f2fff3
000000000000eded1ee46bd6bad4f0f4
000000000000fd08cfff140dfd050fb3
00000000000007080d10ec0af505e2f8
000000000000e609cefb1305060d07de
00000000000004180a05fbe508f106f2
0000000000000002fef10710f7ee26a0
0000000000000afd11e4fa0b0ae919dc
000000000000f81518caf8c80512e20e
00000000000005ff1f94e5e20b161dcb
000000000000bfef201201fb21ece716
000000000000fb0c161c1719b4e5f6ec
0000000000001fdbf8171d07cfc3ec13
000000000000fdcf0b02b1280fd52ef2
0000000000000b1001e8e322f1e217d4
0000000000000f0704dad4c3f0310d33
0000000000001a080af3ec17c50d0ce0
000000000000bd420b29cce0d7160a01
0000000000000906f004fb110605f8e2
0000000000000e020ce020f914df09b4
000000000000f0f40fd6802b391a2df3
0000000000000f0de3daddde1a18fdff
000000000000ff0ee9050ae2010b0c05
0000000000000313fdf00605fc0eca14
000000000000fd0cf2fefd08f9f1e215
000000000000ff09ed0ef30b0507ed06
0000000000000cd71e9c21c31415cf17
0000000000000d090b02bf00f6fdf62b
00000000000020f7b80c05f9eb1c0ae8
00000000000002fe01f7ff060506faf7
000000000000dbe948efc837b4022018
00000000000007090828b1dc29080900
0000000000000512f314ea0a0afaf9ff
000000000000fa0feaf4070d04f0010b
000000000000f51af20de6f7ec0de615
0000000000000b090f08ea08f5f8f40d
00000000000011120cf00cc80009ce18
00000000000000060dba19ff001af2b8
00000000000017060becded808f11f18
00000000000006f40e0ce6f511fcdd0a
00000000000011d7f5112cf7a9251ed4
000000000000afd5352af6e1e61f12e5
000000000000e0fce71012cf0b07e717
000000000000c1cf3621fc0207031206
000000000000eb1907fed8e0d61b0720
00000000000020a902b12ed61dfa3ac4
000000000000fcf6fdfb0401fff704fd
0000000000002b04d5fba5fdec191119
000000000000fb08d6e8fb160f13f4f7
0000000000009eb736f420cf2f1dfeb0
00000000000011e61e101cef19a0160d
000000000000d6161509dd24b61918ec
00000000000014bf1625c22020f2e6de
0000000000000802f50a0f0e0bfbe40f
0000000000000710d30e0d0a03ed0506
000000000000f702e81634abfb0c0bc5
0000000000001ee10de2c813e312fb0f
0000000000000a070aeb1612fce2c7e6
000000000000dbe811ed0bbb0d180324
000000000000ee09f6de150915e80ac2
0000000000001115f4fc1204e404d311
0000000000002102e1ffdad8f708100d
000000000000bb0ef21e0004d8100afc
000000000000fefffc00f7070807faf6
000000000000fc0ef8fd03ec01ecef01
0000000000001a0810e4efe9ff0dde14
000000000000cb08f517fe10f50c090e
0000000000000705faf9f9fafaf909ff
0000000000001aa503f5f7101719fe1c
000000000000ec14030cfa03fbf4ed11
00000000000005160ede10e3ce0b1d11
000000000000f805b01203cc050509ff
000000000000fb19dfd0040f130b0bc5
0000000000000010020a07cc17f9d70d
000000000000fb051cdd9b151b0d0ef5
0000000000000212e9f40c12050df2f4
000000000000f9fd1806d51ea41b1806
00000000000014fd0edfcfda1207e609
000000000000abb916f9e91f02193303
000000000000fe04ecfd06040f0aede1
0000000000000b040cb70d0a1012edf3
000000000000140c0508260a07a6f606
0000000000001a01eeaa0c2310c008e2
0000000000001f13eae813cf0effc8fa
000000000000d3d4ee1326e223f42cc4
000000000000e7e340fbf02401c44300
0000000000000707fbf1e4160ff5ed02
000000000000b5151705f92ceb11fbe2
000000000000290bce14e404f418e2fa
000000000000a1d934f53cc6f212fcb5
00000000000014e716a1150124f0b7fa
000000000000c7f41aca1bbc184df69f
0000000000000804060e0cfaeef5eb06
000000000000f804d50a0ad20c060500
000000000000fce708b510160b10e2af
000000000000de0dff180de20e07fe04
0000000000000fedae090cf21004e207
00000000000010ce15a7ab23f10d1414
000000000000060201a01df50e10f4fd
000000000000ea0c1cf809800f10e606
000000000000081000f2060ef0f9f004
0000000000001307f9e51d0e1dd1d2dc
000000000000f81e0918d20ed911e6f6
0000000000000b14f70ffa0dfe01e7e7
00000000000000ec1218b9a6261e0316
000000000000fe14e8f1fc0808f40508
00000000000015f5c4f815d70f0fd919
0000000000000fd7db0f131cfe0ee310
000000000000f2f0f934259dfddf0808
000000000000f816df0402fe09fe0f09
000000000000a5e93018153dfed6da0a
000000000000cd04f008f2c80e091208
0000000000000704f309040af9fbde05
0000000000000cd60403f5eaf3f04e14
000000000000c6150bf8120cfbf3150b
00000000000012ff02eafe0e14aef015
000000000000c303080ef2ef14fe0e06
000000000000fa0be00004e9000b0ffc
00000000000000000000000000000000
00000000000000000000000000000000
00000000000000000000000000000000
00000000000000000000000000000000
00000000000000000000000000000000
00000000000000000000000000000000
00000000000000000000000000000000
00000000000000000000000000000000
00000000000000000000000000000000
00000000000000000000000000000000
00000000000000000000000000000000
00000000000000000000000000000000
00000000000000000000000000000000
00000000000000000000000000000000
00000000000000000000000000000000
00000000000000000000000000000000
00000000000000000000000000000000
00000000000000000000000000000000
00000000000000000000000000000000
00000000000000000000000000000000
00000000000000000000000000000000
00000000000000000000000000000000
00000000000000000000000000000000
00000000000000000000000000000000
00000000000000000000000000000000
00000000000000000000000000000000
00000000000000000000000000000000
00000000000000000000000000000000
00000000000000000000000000000000
00000000000000000000000000000000
00000000000000000000000000000000
00000000000000000000000000000000
00000000000000000000000000000000
00000000000000000000000000000000
00000000000000000000000000000000
00000000000000000000000000000000
00000000000000000000000000000000
00000000000000000000000000000000
00000000000000000000000000000000
00000000000000000000000000000000
00000000000000000000000000000000
00000000000000000000000000000000
00000000000000000000000000000000
00000000000000000000000000000000
00000000000000000000000000000000
00000000000000000000000000000000
00000000000000000000000000000000
00000000000000000000000000000000
00000000000000000000000000000000
00000000000000000000000000000000
00000000000000000000000000000000
00000000000000000000000000000000
00000000000000000000000000000000
00000000000000000000000000000000
00000000000000000000000000000000
00000000000000000000000000000000
00000000000000000000000000000000
00000000000000000000000000000000
00000000000000000000000000000000
00000000000000000000000000000000
00000000000000000000000000000000
00000000000000000000000000000000
00000000000000000000000000000000
00000000000000000000000000000000
00000000000000000000000000000000
00000000000000000000000000000000
00000000000000000000000000000000
00000000000000000000000000000000
00000000000000000000000000000000
00000000000000000000000000000000
00000000000000000000000000000000
00000000000000000000000000000000
00000000000000000000000000000000
00000000000000000000000000000000
00000000000000000000000000000000
00000000000000000000000000000000
00000000000000000000000000000000
00000000000000000000000000000000
00000000000000000000000000000000
00000000000000000000000000000000
00000000000000000000000000000000
00000000000000000000000000000000
00000000000000000000000000000000
00000000000000000000000000000000
00000000000000000000000000000000
00000000000000000000000000000000
00000000000000000000000000000000
00000000000000000000000000000000
00000000000000000000000000000000
00000000000000000000000000000000
00000000000000000000000000000000
00000000000000000000000000000000
00000000000000000000000000000000
00000000000000000000000000000000
00000000000000000000000000000000
00000000000000000000000000000000
00000000000000000000000000000000
00000000000000000000000000000000
00000000000000000000000000000000
00000000000000000000000000000000
00000000000000000000000000000000
00000000000000000000000000000000
00000000000000000000000000000000
00000000000000000000000000000000
00000000000000000000000000000000
00000000000000000000000000000000
00000000000000000000000000000000
00000000000000000000000000000000
00000000000000000000000000000000
00000000000000000000000000000000
00000000000000000000000000000000
00000000000000000000000000000000
00000000000000000000000000000000
00000000000000000000000000000000
00000000000000000000000000000000
00000000000000000000000000000000
00000000000000000000000000000000
00000000000000000000000000000000
00000000000000000000000000000000
00000000000000000000000000000000
00000000000000000000000000000000
00000000000000000000000000000000
00000000000000000000000000000000
00000000000000000000000000000000
00000000000000000000000000000000
00000000000000000000000000000000
00000000000000000000000000000000
00000000000000000000000000000000
00000000000000000000000000000000
00000000000000000000000000000000
00000000000000000000000000000000
00000000000000000000000000000000
00000000000000000000000000000000
00000000000000000000000000000000
00000000000000000000000000000000
00000000000000000000000000000000
00000000000000000000000000000000
00000000000000000000000000000000
00000000000000000000000000000000
00000000000000000000000000000000
00000000000000000000000000000000
00000000000000000000000000000000
00000000000000000000000000000000
00000000000000000000000000000000
00000000000000000000000000000000
00000000000000000000000000000000
00000000000000000000000000000000
00000000000000000000000000000000
00000000000000000000000000000000
00000000000000000000000000000000
00000000000000000000000000000000
00000000000000000000000000000000
00000000000000000000000000000000
00000000000000000000000000000000
00000000000000000000000000000000
00000000000000000000000000000000
00000000000000000000000000000000
00000000000000000000000000000000
00000000000000000000000000000000
00000000000000000000000000000000
00000000000000000000000000000000
00000000000000000000000000000000
00000000000000000000000000000000
00000000000000000000000000000000
00000000000000000000000000000000
00000000000000000000000000000000
00000000000000000000000000000000
00000000000000000000000000000000
00000000000000000000000000000000
00000000000000000000000000000000
00000000000000000000000000000000
00000000000000000000000000000000
00000000000000000000000000000000
00000000000000000000000000000000
00000000000000000000000000000000
00000000000000000000000000000000
00000000000000000000000000000000
00000000000000000000000000000000
00000000000000000000000000000000
00000000000000000000000000000000
00000000000000000000000000000000
00000000000000000000000000000000
00000000000000000000000000000000
00000000000000000000000000000000
00000000000000000000000000000000
00000000000000000000000000000000
00000000000000000000000000000000
00000000000000000000000000000000
00000000000000000000000000000000
00000000000000000000000000000000
00000000000000000000000000000000
00000000000000000000000000000000
00000000000000000000000000000000
00000000000000000000000000000000
00000000000000000000000000000000
00000000000000000000000000000000
00000000000000000000000000000000
00000000000000000000000000000000
00000000000000000000000000000000
00000000000000000000000000000000
00000000000000000000000000000000
00000000000000000000000000000000
